,value.Total.Energy.Emissions..CO2...Energy.,VALUE
value.Cropland.organic.soils.Implied.emission.factor.for.N2O..Cultivation.of.organic.soils.,-0.48075952,FALSE
value.Grassland.organic.soils.Implied.emission.factor.for.N2O..Cultivation.of.organic.soils.,-0.411175308,FALSE
value.Camels.Implied.emission.factor.for.CH4..Manure.management.,-0.391768499,FALSE
value.Sheep.Implied.emission.factor.for.N2O..Manure.management.,-0.359090488,FALSE
value.Goats.Implied.emission.factor.for.CH4..Manure.management.,-0.349929886,FALSE
value.Asses.Implied.emission.factor.for.CH4..Manure.management.,-0.346837298,FALSE
value.Horses.Implied.emission.factor.for.CH4..Manure.management.,-0.337544867,FALSE
value.Mules.Implied.emission.factor.for.CH4..Manure.management.,-0.33238389,FALSE
value.Swine..breeding.Implied.emission.factor.for.N2O..Manure.management.,-0.33238389,FALSE
value.Swine..market.Implied.emission.factor.for.N2O..Manure.management.,-0.163464033,FALSE
value.Ducks.Implied.emission.factor.for.CH4..Manure.management.,-0.119051029,FALSE
value.Buffaloes.Implied.emission.factor.for.N2O..Manure.management.,-0.110741324,FALSE
value.Savanna.Implied.emission.factor.for.CH4..Burning...savanna.,-0.109873846,FALSE
value.Camels.and.Llamas.Emissions..CH4...Manure.management.,-0.109165228,FALSE
value.Camels.and.Llamas.Emissions..CO2eq..from.CH4..Manure.management.,-0.097889284,FALSE
value.Camels.and.Llamas.Emissions..CO2eq...Manure.management.,-0.085575365,FALSE
value.Camels.Emissions..CH4...Manure.management.,-0.084761558,FALSE
value.Camels.Emissions..CO2eq..from.CH4..Manure.management.,-0.083248161,FALSE
value.Camels.and.Llamas.Indirect.emissions..N2O...Manure.on.pasture.,-0.082166303,FALSE
value.Asses.Implied.emission.factor.for.N2O..Manure.applied.,-0.079184895,FALSE
value.Camels.and.Llamas.Indirect.emissions..N2O.that.volatilises...Manure.on.pasture.,-0.078051198,FALSE
value.Camels.and.Llamas.Indirect.emissions..N2O.that.leaches...Manure.on.pasture.,-0.077454366,FALSE
value.Camels.and.Llamas.Direct.emissions..N2O...Manure.on.pasture.,-0.07674689,FALSE
value.Camels.and.Llamas.Manure..N.content.that.leaches...Manure.on.pasture.,-0.07674689,FALSE
value.Camels.and.Llamas.Manure..N.content.that.volatilises...Manure.on.pasture.,-0.07674689,FALSE
value.Camels.and.Llamas.Manure..N.content...Manure.on.pasture.,-0.07674689,FALSE
value.Camels.and.Llamas.Direct.emissions..CO2eq...Manure.on.pasture.,-0.07674689,FALSE
value.Camels.and.Llamas.Indirect.emissions..CO2eq...Manure.on.pasture.,-0.07674689,FALSE
value.Camels.and.Llamas.Emissions..CO2eq...Manure.on.pasture.,-0.075833392,FALSE
value.Camels.and.Llamas.Emissions..N2O...Manure.on.pasture.,-0.074996936,FALSE
value.Cattle..non.dairy.Implied.emission.factor.for.N2O..Manure.on.pasture.,-0.072120255,FALSE
value.Camels.Emissions..CO2eq...Manure.management.,-0.071703121,FALSE
value.Chickens..broilers.Implied.emission.factor.for.CH4..Manure.management.,-0.066316643,FALSE
value.Camels.and.Llamas.Emissions..CH4...Enteric.,-0.066316643,FALSE
value.Camels.and.Llamas.Emissions..CO2eq...Enteric.,-0.065189048,FALSE
value.Camels.and.Llamas.Stocks,-0.059167731,FALSE
value.Woody.savanna.Implied.emission.factor.for.CH4..Burning...savanna.,-0.058497937,FALSE
value.Millet.Indirect.emissions..N2O...Crop.residues.,-0.058208203,FALSE
value.Millet.Implied.emission.factor.for.N2O..Crop.residues.,-0.056332322,FALSE
value.Camels.Indirect.emissions..N2O...Manure.on.pasture.,-0.051812222,FALSE
value.Camels.Indirect.emissions..N2O.that.volatilises...Manure.on.pasture.,-0.050672945,FALSE
value.Camels.Indirect.emissions..N2O.that.leaches...Manure.on.pasture.,-0.050081037,FALSE
value.Camels.Direct.emissions..N2O...Manure.on.pasture.,-0.049268668,FALSE
value.Camels.Manure..N.content.that.leaches...Manure.on.pasture.,-0.049268668,FALSE
value.Camels.Manure..N.content.that.volatilises...Manure.on.pasture.,-0.049268668,FALSE
value.Camels.Manure..N.content...Manure.on.pasture.,-0.049268668,FALSE
value.Camels.Direct.emissions..CO2eq...Manure.on.pasture.,-0.049268668,FALSE
value.Camels.Indirect.emissions..CO2eq...Manure.on.pasture.,-0.049268668,FALSE
value.Camels.Emissions..CO2eq...Manure.on.pasture.,-0.049117945,FALSE
value.Savanna.Emissions..CH4...Burning...savanna.,-0.048392825,FALSE
value.Millet.Direct.emissions..N2O...Crop.residues.,-0.048298217,FALSE
value.Camels.Emissions..N2O...Manure.on.pasture.,-0.047814547,FALSE
value.Savanna.Emissions..N2O...Burning...savanna.,-0.047037546,FALSE
value.Millet.Emissions..N2O...Crop.residues.,-0.045233248,FALSE
value.Millet.Residues..Crop.residues.,-0.045233248,FALSE
value.Millet.Direct.emissions..CO2eq...Crop.residues.,-0.045233248,FALSE
value.Millet.Emissions..CO2eq...Crop.residues.,-0.045220888,FALSE
value.Millet.Indirect.emissions..CO2eq...Crop.residues.,-0.042341814,FALSE
value.Savanna.Biomass.burned..dry.matter.,-0.042341814,FALSE
value.Savanna.Emissions..CO2eq...Burning...savanna.,-0.0422443,FALSE
value.Savanna.Emissions..CO2eq..from.CH4..Burning...savanna.,-0.042126464,FALSE
value.Savanna.Emissions..CO2eq..from.N2O..Burning...savanna.,-0.038896317,FALSE
value.Camels.Emissions..CH4...Enteric.,-0.038896317,FALSE
value.Camels.Emissions..CO2eq...Enteric.,-0.038896317,FALSE
value.Camels.Stocks,-0.037994137,FALSE
value.Grassland.Implied.emission.factor.for.N2O..Burning...savanna.,-0.037759946,FALSE
value.Closed.shrubland.Implied.emission.factor.for.N2O..Burning...savanna.,-0.032983112,FALSE
value.Savanna.Implied.emission.factor.for.N2O..Burning...savanna.,-0.028401535,FALSE
value.Ducks.Implied.emission.factor.for.N2O..Manure.on.pasture.,-0.026087348,FALSE
value.Savanna.Burned.Area,-0.00722631,FALSE
value.Cattle..non.dairy.Implied.emission.factor.for.N2O..Manure.management.,0.00333829,FALSE
value.Camels.and.Llamas.Manure..N.content...Manure.applied.,0.00333829,FALSE
value.Camels.and.Llamas.Direct.emissions..CO2eq...Manure.applied.,0.00333829,FALSE
value.Camels.and.Llamas.Indirect.emissions..CO2eq...Manure.applied.,0.00333829,FALSE
value.Camels.and.Llamas.Emissions..CO2eq...Manure.applied.,0.00333829,FALSE
value.Camels.and.Llamas.Manure..N.content...Manure.management.,0.005217342,FALSE
value.Woody.savanna.Implied.emission.factor.for.N2O..Burning...savanna.,0.00697507,FALSE
value.Camels.and.Llamas.Emissions..N2O...Manure.applied.,0.006975581,FALSE
value.Camels.and.Llamas.Direct.emissions..N2O...Manure.applied.,0.00813564,FALSE
value.Buffaloes.Implied.emission.factor.for.N2O..Manure.on.pasture.,0.017649019,FALSE
value.Savanna.and.woody.savanna.Emissions..N2O...Burning...savanna.,0.017915514,FALSE
value.Camels.and.Llamas.Indirect.emissions..N2O...Manure.applied.,0.018969745,FALSE
value.Camels.Manure..N.content...Manure.applied.,0.018969745,FALSE
value.Camels.Direct.emissions..CO2eq...Manure.applied.,0.018969745,FALSE
value.Camels.Indirect.emissions..CO2eq...Manure.applied.,0.018969745,FALSE
value.Camels.Emissions..CO2eq...Manure.applied.,0.018969745,FALSE
value.Camels.Manure..N.content...Manure.management.,0.019143948,FALSE
value.Turkeys.Implied.emission.factor.for.N2O..Manure.management.,0.023222566,FALSE
value.Camels.Emissions..N2O...Manure.applied.,0.023224538,FALSE
value.Camels.Direct.emissions..N2O...Manure.applied.,0.023230873,FALSE
value.Sheep.Indirect.emissions..CO2eq...Manure.management.,0.029139698,FALSE
value.Savanna.and.woody.savanna.Emissions..CH4...Burning...savanna.,0.034603241,FALSE
value.Camels.Indirect.emissions..N2O...Manure.applied.,0.03945611,FALSE
value.Woody.savanna.Emissions..N2O...Burning...savanna.,0.039926252,FALSE
value.Savanna.and.woody.savanna.Emissions..CO2eq..from.CH4..Burning...savanna.,0.040017201,FALSE
value.Savanna.and.woody.savanna.Emissions..CO2eq...Burning...savanna.,0.040207294,FALSE
value.Savanna.and.woody.savanna.Biomass.burned..dry.matter.,0.04035735,FALSE
value.Savanna.and.woody.savanna.Emissions..CO2eq..from.N2O..Burning...savanna.,0.048057105,FALSE
value.Ducks.Implied.emission.factor.for.N2O..Manure.management.,0.048948916,FALSE
value.Sheep.and.Goats.Indirect.emissions..CO2eq...Manure.management.,0.049735799,FALSE
value.Grassland.Implied.emission.factor.for.CH4..Burning...savanna.,0.049932288,FALSE
value.Camels.and.Llamas.Direct.emissions..CO2eq...Manure.management.,0.049932288,FALSE
value.Camels.and.Llamas.Emissions..CO2eq..from.N2O..Manure.management.,0.050540974,FALSE
value.Woody.savanna.Emissions..CH4...Burning...savanna.,0.053875338,FALSE
value.Closed.shrubland.Implied.emission.factor.for.CH4..Burning...savanna.,0.056652294,FALSE
value.Savanna.and.woody.savanna.Burned.Area,0.05672204,FALSE
value.Woody.savanna.Emissions..CO2eq..from.CH4..Burning...savanna.,0.056755383,FALSE
value.Woody.savanna.Emissions..CO2eq...Burning...savanna.,0.056760933,FALSE
value.Woody.savanna.Emissions..CO2eq..from.N2O..Burning...savanna.,0.056898667,FALSE
value.Woody.savanna.Biomass.burned..dry.matter.,0.068356496,FALSE
value.Camels.Direct.emissions..CO2eq...Manure.management.,0.068356496,FALSE
value.Camels.Emissions..CO2eq..from.N2O..Manure.management.,0.071566981,FALSE
value.Woody.savanna.Burned.Area,0.090398491,FALSE
value.Camels.and.Llamas.Direct.emissions..N2O...Manure.management.,0.090398491,FALSE
value.Camels.and.Llamas.Emissions..N2O...Manure.management.,0.091687337,FALSE
value.Sheep.Implied.emission.factor.for.CH4..Manure.management.,0.097173819,FALSE
value.Sheep.Indirect.emissions..N2O...Manure.management.,0.099395449,FALSE
value.Burning...all.categories.Burned.Area,0.101310041,FALSE
value.Sorghum.Indirect.emissions..N2O...Crop.residues.,0.102062408,FALSE
value.Soybeans.Implied.emission.factor.for.N2O..Crop.residues.,0.102063254,FALSE
value.Sorghum.Direct.emissions..N2O...Crop.residues.,0.102804641,FALSE
value.Burning...all.categories.Emissions..N2O...Burning...savanna.,0.104620143,FALSE
value.Sorghum.Emissions..N2O...Crop.residues.,0.104717414,FALSE
value.Sorghum.Indirect.emissions..CO2eq...Crop.residues.,0.105005131,FALSE
value.Sorghum.Residues..Crop.residues.,0.105005131,FALSE
value.Sorghum.Direct.emissions..CO2eq...Crop.residues.,0.105005131,FALSE
value.Sorghum.Emissions..CO2eq...Crop.residues.,0.105679631,FALSE
value.Burning...all.categories.Emissions..CH4...Burning...savanna.,0.107257976,FALSE
value.Burning...all.categories.Emissions..CO2eq..from.N2O..Burning...savanna.,0.107257976,FALSE
value.Burning...all.categories.Emissions..CO2eq...Burning...savanna.,0.107352987,FALSE
value.Burning...all.categories.Emissions..CO2eq..from.CH4..Burning...savanna.,0.107447854,FALSE
value.Burning...all.categories.Biomass.burned..dry.matter.,0.110292995,FALSE
value.Mules.Implied.emission.factor.for.N2O..Manure.management.,0.112393471,FALSE
value.Camels.Emissions..N2O...Manure.management.,0.112393471,FALSE
value.Camels.Direct.emissions..N2O...Manure.management.,0.114167888,FALSE
value.Sheep.and.Goats.Indirect.emissions..N2O...Manure.management.,0.11602921,FALSE
value.Open.shrubland.Implied.emission.factor.for.CH4..Burning...savanna.,0.122554792,FALSE
value.Grassland.Emissions..N2O...Burning...savanna.,0.13112136,FALSE
value.Fuel.oil.used.in.fisheries.Consumption.in.Agriculture,0.13112136,FALSE
value.Fuel.oil.used.in.fisheries.Emissions..CH4...Energy.,0.13112136,FALSE
value.Fuel.oil.used.in.fisheries.Emissions..CO2eq..from.CH4..Energy.,0.13112136,FALSE
value.Fuel.oil.used.in.fisheries.Emissions..CO2eq..from.N2O..Energy.,0.13112136,FALSE
value.Fuel.oil.used.in.fisheries.Emissions..CO2...Energy.,0.13112136,FALSE
value.Fuel.oil.used.in.fisheries.Emissions..CO2eq...Energy.,0.131241231,FALSE
value.Fuel.oil.used.in.fisheries.Emissions..N2O...Energy.,0.133383138,FALSE
value.Synthetic.Nitrogen.fertilizers.Implied.emission.factor.for.N2O..Synthetic.fertilizers.,0.138664539,FALSE
value.Energy.for.power.irrigation.Implied.emission.factor.for.CO2,0.145688772,FALSE
value.Grassland.Emissions..CH4...Burning...savanna.,0.152276554,FALSE
value.Grassland.Biomass.burned..dry.matter.,0.152302344,FALSE
value.Grassland.Emissions..CO2eq...Burning...savanna.,0.152557164,FALSE
value.Grassland.Emissions..CO2eq..from.CH4..Burning...savanna.,0.152603483,FALSE
value.Grassland.Emissions..CO2eq..from.N2O..Burning...savanna.,0.159738764,FALSE
value.Grassland.Burned.Area,0.168628242,FALSE
value.Chickens..broilers.Implied.emission.factor.for.N2O..Manure.management.,0.168628242,FALSE
value.Chickens..layers.Implied.emission.factor.for.N2O..Manure.management.,0.17087672,FALSE
value.Buffaloes.Indirect.emissions..CO2eq...Manure.management.,0.186479216,FALSE
value.Turkeys.Implied.emission.factor.for.N2O..Manure.on.pasture.,0.187638285,FALSE
value.Closed.shrubland.Emissions..N2O...Burning...savanna.,0.189246083,FALSE
value.Gas.diesel.oils.used.in.fisheries.Consumption.in.Agriculture,0.189246083,FALSE
value.Gas.diesel.oils.used.in.fisheries.Emissions..CH4...Energy.,0.189246083,FALSE
value.Gas.diesel.oils.used.in.fisheries.Emissions..CO2eq..from.CH4..Energy.,0.189246083,FALSE
value.Gas.diesel.oils.used.in.fisheries.Emissions..N2O...Energy.,0.189246083,FALSE
value.Gas.diesel.oils.used.in.fisheries.Emissions..CO2eq..from.N2O..Energy.,0.189246083,FALSE
value.Gas.diesel.oils.used.in.fisheries.Emissions..CO2...Energy.,0.189246083,FALSE
value.Gas.diesel.oils.used.in.fisheries.Emissions..CO2eq...Energy.,0.200280029,FALSE
value.Closed.shrubland.Burned.Area,0.200943957,FALSE
value.Closed.and.open.shrubland.Emissions..N2O...Burning...savanna.,0.201239958,FALSE
value.Closed.shrubland.Biomass.burned..dry.matter.,0.201386913,FALSE
value.Closed.shrubland.Emissions..CO2eq..from.N2O..Burning...savanna.,0.201448706,FALSE
value.Closed.shrubland.Emissions..CO2eq..from.CH4..Burning...savanna.,0.201553814,FALSE
value.Closed.shrubland.Emissions..CO2eq...Burning...savanna.,0.203788149,FALSE
value.Closed.shrubland.Emissions..CH4...Burning...savanna.,0.206682088,FALSE
value.Closed.and.open.shrubland.Biomass.burned..dry.matter.,0.206682088,FALSE
value.Closed.and.open.shrubland.Emissions..CO2eq..from.CH4..Burning...savanna.,0.206682088,FALSE
value.Closed.and.open.shrubland.Emissions..CO2eq...Burning...savanna.,0.206684814,FALSE
value.Closed.and.open.shrubland.Emissions..CO2eq..from.N2O..Burning...savanna.,0.207678859,FALSE
value.Cattle..non.dairy.Implied.emission.factor.for.CH4..Enteric.,0.20802258,FALSE
value.Closed.and.open.shrubland.Emissions..CH4...Burning...savanna.,0.208456344,FALSE
value.Closed.and.open.shrubland.Burned.Area,0.212436921,FALSE
value.Open.shrubland.Emissions..N2O...Burning...savanna.,0.221439984,FALSE
value.Buffaloes.Implied.emission.factor.for.CH4..Manure.management.,0.22152503,FALSE
value.Open.shrubland.Emissions..CO2eq..from.CH4..Burning...savanna.,0.221538271,FALSE
value.Open.shrubland.Emissions..CO2eq..from.N2O..Burning...savanna.,0.221635977,FALSE
value.Open.shrubland.Biomass.burned..dry.matter.,0.221682742,FALSE
value.Open.shrubland.Emissions..CO2eq...Burning...savanna.,0.223289993,FALSE
value.Open.shrubland.Emissions..CH4...Burning...savanna.,0.223374233,FALSE
value.Open.shrubland.Burned.Area,0.22360106,FALSE
value.Mules.Direct.emissions..N2O...Manure.on.pasture.,0.224522999,FALSE
value.Mules.Emissions..N2O...Manure.on.pasture.,0.225344424,FALSE
value.Mules.Indirect.emissions..N2O...Manure.on.pasture.,0.225998426,FALSE
value.Mules.Indirect.emissions..CO2eq...Manure.on.pasture.,0.226719076,FALSE
value.Mules.Manure..N.content.that.leaches...Manure.on.pasture.,0.226719076,FALSE
value.Mules.Manure..N.content.that.volatilises...Manure.on.pasture.,0.226719076,FALSE
value.Mules.Manure..N.content...Manure.on.pasture.,0.226719076,FALSE
value.Mules.Direct.emissions..CO2eq...Manure.on.pasture.,0.226719076,FALSE
value.Mules.Emissions..CO2eq...Manure.on.pasture.,0.229694533,FALSE
value.Beans..dry.Indirect.emissions..N2O...Crop.residues.,0.231489479,FALSE
value.Ducks.Indirect.emissions..N2O.that.volatilises...Manure.on.pasture.,0.231950465,FALSE
value.Open.shrubland.Implied.emission.factor.for.N2O..Burning...savanna.,0.236695471,FALSE
value.Mules.Indirect.emissions..N2O.that.volatilises...Manure.on.pasture.,0.238179606,FALSE
value.Mules.Indirect.emissions..N2O.that.leaches...Manure.on.pasture.,0.239910096,FALSE
value.Swine..market.Implied.emission.factor.for.CH4..Manure.management.,0.240729571,FALSE
value.Beans..dry.Direct.emissions..N2O...Crop.residues.,0.241311684,FALSE
value.Beans..dry.Indirect.emissions..CO2eq...Crop.residues.,0.241614071,FALSE
value.Beans..dry.Emissions..N2O...Crop.residues.,0.241662284,FALSE
value.Beans..dry.Residues..Crop.residues.,0.241662284,FALSE
value.Beans..dry.Direct.emissions..CO2eq...Crop.residues.,0.241662284,FALSE
value.Beans..dry.Emissions..CO2eq...Crop.residues.,0.242223527,FALSE
value.Ducks.Indirect.emissions..N2O...Manure.on.pasture.,0.243453918,FALSE
value.Buffaloes.Indirect.emissions..N2O...Manure.management.,0.243890729,FALSE
value.Asses.Indirect.emissions..CO2eq...Manure.applied.,0.245220763,FALSE
value.Asses.Manure..N.content...Manure.applied.,0.245220763,FALSE
value.Asses.Manure..N.content...Manure.management.,0.246954106,FALSE
value.Asses.Emissions..CO2eq...Manure.applied.,0.24706207,FALSE
value.Asses.Direct.emissions..CO2eq...Manure.applied.,0.248467972,FALSE
value.Mules.Emissions..CH4...Manure.management.,0.249410901,FALSE
value.Mules.Emissions..CO2eq..from.CH4..Manure.management.,0.253268452,FALSE
value.Turkeys.Implied.emission.factor.for.CH4..Manure.management.,0.255064456,FALSE
value.Ducks.Indirect.emissions..N2O.that.leaches...Manure.on.pasture.,0.25528816,FALSE
value.Mules.and.Asses.Indirect.emissions..CO2eq...Manure.applied.,0.256071961,FALSE
value.Mules.Emissions..CO2eq...Manure.management.,0.256601523,FALSE
value.Mules.and.Asses.Manure..N.content...Manure.applied.,0.256601523,FALSE
value.Mules.and.Asses.Manure..N.content...Manure.management.,0.258163434,FALSE
value.Mules.and.Asses.Direct.emissions..CO2eq...Manure.applied.,0.258300411,FALSE
value.Mules.and.Asses.Emissions..CO2eq...Manure.applied.,0.258501317,FALSE
value.Swine..breeding.Implied.emission.factor.for.CH4..Manure.management.,0.258897422,FALSE
value.Mules.Emissions..CO2eq...Manure.applied.,0.258950971,FALSE
value.Mules.Emissions..CH4...Enteric.,0.25896523,FALSE
value.Mules.Manure..N.content...Manure.applied.,0.25896523,FALSE
value.Mules.Manure..N.content...Manure.management.,0.259625074,FALSE
value.Mules.Emissions..CO2eq...Enteric.,0.259625074,FALSE
value.Mules.Stocks,0.264305627,FALSE
value.Mules.Direct.emissions..CO2eq...Manure.applied.,0.266357179,FALSE
value.Ducks.Emissions..N2O...Manure.on.pasture.,0.266446551,FALSE
value.Ducks.Direct.emissions..N2O...Manure.on.pasture.,0.266560492,FALSE
value.Goats.Indirect.emissions..CO2eq...Manure.applied.,0.266797222,FALSE
value.Goats.Manure..N.content...Manure.applied.,0.266797222,FALSE
value.Goats.Direct.emissions..CO2eq...Manure.applied.,0.266797222,FALSE
value.Goats.Emissions..CO2eq...Manure.applied.,0.266797222,FALSE
value.Goats.Manure..N.content...Manure.management.,0.269683582,FALSE
value.Ducks.Manure..N.content.that.leaches...Manure.on.pasture.,0.269683582,FALSE
value.Ducks.Manure..N.content.that.volatilises...Manure.on.pasture.,0.269683582,FALSE
value.Ducks.Manure..N.content...Manure.on.pasture.,0.269683582,FALSE
value.Ducks.Direct.emissions..CO2eq...Manure.on.pasture.,0.269683582,FALSE
value.Ducks.Emissions..CO2eq...Manure.on.pasture.,0.270148212,FALSE
value.Ducks.Indirect.emissions..CO2eq...Manure.on.pasture.,0.273632351,FALSE
value.Cattle..dairy.Implied.emission.factor.for.CH4..Manure.management.,0.274334164,FALSE
value.Horses.Implied.emission.factor.for.N2O..Manure.management.,0.274588436,FALSE
value.Mules.Indirect.emissions..CO2eq...Manure.applied.,0.276746701,FALSE
value.Mules.Direct.emissions..CO2eq...Manure.management.,0.276746701,FALSE
value.Mules.Emissions..CO2eq..from.N2O..Manure.management.,0.277660466,FALSE
value.Asses.Direct.emissions..CO2eq...Manure.management.,0.277660466,FALSE
value.Asses.Emissions..CO2eq..from.N2O..Manure.management.,0.279209285,FALSE
value.Chickens..broilers.Indirect.emissions..N2O.that.leaches...Manure.on.pasture.,0.280783214,FALSE
value.Cattle..dairy.Implied.emission.factor.for.CH4..Enteric.,0.280822817,FALSE
value.Goats.Emissions..CH4...Manure.management.,0.280924864,FALSE
value.Chickens..broilers.Indirect.emissions..N2O.that.volatilises...Manure.on.pasture.,0.281209692,FALSE
value.Goats.Emissions..CO2eq..from.CH4..Manure.management.,0.282565476,FALSE
value.Cattle..non.dairy.Implied.emission.factor.for.CH4..Manure.management.,0.28392156,FALSE
value.Goats.Direct.emissions..N2O...Manure.applied.,0.286315398,FALSE
value.Goats.Emissions..N2O...Manure.applied.,0.287787638,FALSE
value.Chickens..broilers.Manure..N.content.that.leaches...Manure.on.pasture.,0.287787638,FALSE
value.Chickens..broilers.Manure..N.content.that.volatilises...Manure.on.pasture.,0.287787638,FALSE
value.Chickens..broilers.Manure..N.content...Manure.on.pasture.,0.287787638,FALSE
value.Chickens..broilers.Direct.emissions..CO2eq...Manure.on.pasture.,0.287787638,FALSE
value.Chickens..broilers.Indirect.emissions..CO2eq...Manure.on.pasture.,0.287787638,FALSE
value.Chickens..broilers.Emissions..CO2eq...Manure.on.pasture.,0.287836315,FALSE
value.Chickens..broilers.Emissions..N2O...Manure.on.pasture.,0.288301904,FALSE
value.Chickens..broilers.Indirect.emissions..N2O...Manure.on.pasture.,0.288514341,FALSE
value.Chickens..broilers.Direct.emissions..N2O...Manure.on.pasture.,0.290530483,FALSE
value.Mules.and.Asses.Direct.emissions..CO2eq...Manure.management.,0.290530483,FALSE
value.Mules.and.Asses.Emissions..CO2eq..from.N2O..Manure.management.,0.290762181,FALSE
value.Goats.Indirect.emissions..N2O...Manure.applied.,0.294385558,FALSE
value.Mules.and.Asses.Emissions..N2O...Manure.on.pasture.,0.294671616,FALSE
value.Mules.and.Asses.Indirect.emissions..CO2eq...Manure.on.pasture.,0.295041647,FALSE
value.Mules.and.Asses.Indirect.emissions..N2O...Manure.on.pasture.,0.295124587,FALSE
value.Mules.and.Asses.Direct.emissions..N2O...Manure.on.pasture.,0.295174823,FALSE
value.Mules.and.Asses.Manure..N.content.that.leaches...Manure.on.pasture.,0.295174823,FALSE
value.Mules.and.Asses.Manure..N.content.that.volatilises...Manure.on.pasture.,0.295174823,FALSE
value.Mules.and.Asses.Manure..N.content...Manure.on.pasture.,0.295174823,FALSE
value.Mules.and.Asses.Emissions..CO2eq...Manure.on.pasture.,0.295440368,FALSE
value.Mules.and.Asses.Direct.emissions..CO2eq...Manure.on.pasture.,0.295691388,FALSE
value.Asses.Emissions..N2O...Manure.applied.,0.297228377,FALSE
value.Chickens..layers.Implied.emission.factor.for.CH4..Manure.management.,0.297734057,FALSE
value.Mules.and.Asses.Indirect.emissions..N2O.that.leaches...Manure.on.pasture.,0.299125713,FALSE
value.Goats.Direct.emissions..CO2eq...Manure.management.,0.299125713,FALSE
value.Goats.Emissions..CO2eq..from.N2O..Manure.management.,0.299930436,FALSE
value.Asses.Direct.emissions..N2O...Manure.applied.,0.300153458,FALSE
value.Mules.and.Asses.Emissions..CO2eq..from.CH4..Manure.management.,0.300748612,FALSE
value.Mules.and.Asses.Emissions..CH4...Manure.management.,0.300957224,FALSE
value.Mules.and.Asses.Indirect.emissions..N2O.that.volatilises...Manure.on.pasture.,0.301139048,FALSE
value.Turkeys.Indirect.emissions..N2O...Manure.on.pasture.,0.30240211,FALSE
value.Mules.and.Asses.Indirect.emissions..N2O...Manure.applied.,0.304307215,FALSE
value.Turkeys.Indirect.emissions..N2O.that.volatilises...Manure.on.pasture.,0.304472071,FALSE
value.Goats.Emissions..CH4...Enteric.,0.304472071,FALSE
value.Goats.Emissions..CO2eq...Enteric.,0.30569266,FALSE
value.Turkeys.Indirect.emissions..N2O.that.leaches...Manure.on.pasture.,0.306123496,FALSE
value.Asses.Direct.emissions..N2O...Manure.on.pasture.,0.306457224,FALSE
value.Asses.Emissions..N2O...Manure.on.pasture.,0.30710597,FALSE
value.Asses.Indirect.emissions..CO2eq...Manure.on.pasture.,0.307364743,FALSE
value.Asses.Direct.emissions..CO2eq...Manure.on.pasture.,0.307420347,FALSE
value.Asses.Manure..N.content.that.leaches...Manure.on.pasture.,0.307420347,FALSE
value.Asses.Manure..N.content.that.volatilises...Manure.on.pasture.,0.307420347,FALSE
value.Asses.Manure..N.content...Manure.on.pasture.,0.307420347,FALSE
value.Asses.Emissions..CO2eq...Manure.on.pasture.,0.307536135,FALSE
value.Chickens.Direct.emissions..N2O...Manure.on.pasture.,0.307578718,FALSE
value.Chickens.Emissions..N2O...Manure.on.pasture.,0.307632874,FALSE
value.Mules.and.Asses.Emissions..N2O...Manure.applied.,0.307786695,FALSE
value.Goats.Stocks,0.307795061,FALSE
value.Goats.Manure..N.content.that.leaches...Manure.on.pasture.,0.307795061,FALSE
value.Goats.Manure..N.content.that.volatilises...Manure.on.pasture.,0.307795061,FALSE
value.Goats.Manure..N.content...Manure.on.pasture.,0.307795061,FALSE
value.Goats.Direct.emissions..CO2eq...Manure.on.pasture.,0.307795061,FALSE
value.Goats.Indirect.emissions..CO2eq...Manure.on.pasture.,0.307795061,FALSE
value.Goats.Emissions..CO2eq...Manure.on.pasture.,0.307882987,FALSE
value.Chickens.Indirect.emissions..CO2eq...Manure.on.pasture.,0.307888517,FALSE
value.Chickens.Manure..N.content.that.leaches...Manure.on.pasture.,0.307888517,FALSE
value.Chickens.Manure..N.content.that.volatilises...Manure.on.pasture.,0.307888517,FALSE
value.Chickens.Manure..N.content...Manure.on.pasture.,0.307888517,FALSE
value.Chickens.Direct.emissions..CO2eq...Manure.on.pasture.,0.307888517,FALSE
value.Chickens.Emissions..CO2eq...Manure.on.pasture.,0.308041133,FALSE
value.Chickens.Indirect.emissions..N2O...Manure.on.pasture.,0.308089565,FALSE
value.Goats.Emissions..N2O...Manure.on.pasture.,0.308316951,FALSE
value.Goats.Direct.emissions..N2O...Manure.on.pasture.,0.308434611,FALSE
value.Goats.Indirect.emissions..N2O.that.leaches...Manure.on.pasture.,0.308496196,FALSE
value.Goats.Indirect.emissions..N2O...Manure.on.pasture.,0.30850437,FALSE
value.Chickens.Indirect.emissions..N2O.that.volatilises...Manure.on.pasture.,0.308588529,FALSE
value.Chickens.Indirect.emissions..N2O.that.leaches...Manure.on.pasture.,0.308807549,FALSE
value.Mules.and.Asses.Direct.emissions..N2O...Manure.applied.,0.308820331,FALSE
value.Goats.Indirect.emissions..N2O.that.volatilises...Manure.on.pasture.,0.309249418,FALSE
value.Asses.Indirect.emissions..N2O.that.leaches...Manure.on.pasture.,0.310032874,FALSE
value.Asses.Indirect.emissions..N2O...Manure.on.pasture.,0.310436131,FALSE
value.Ducks.Indirect.emissions..CO2eq...Manure.management.,0.310674444,FALSE
value.Mules.and.Asses.Emissions..CO2eq...Manure.management.,0.311124695,FALSE
value.Buffaloes.Manure..N.content.that.leaches...Manure.on.pasture.,0.311124695,FALSE
value.Buffaloes.Manure..N.content.that.volatilises...Manure.on.pasture.,0.311124695,FALSE
value.Buffaloes.Manure..N.content...Manure.on.pasture.,0.311124695,FALSE
value.Buffaloes.Direct.emissions..CO2eq...Manure.on.pasture.,0.311124695,FALSE
value.Buffaloes.Indirect.emissions..CO2eq...Manure.on.pasture.,0.311124695,FALSE
value.Buffaloes.Emissions..CO2eq...Manure.on.pasture.,0.311862029,FALSE
value.Asses.Indirect.emissions..N2O...Manure.applied.,0.313948373,FALSE
value.Asses.Indirect.emissions..N2O.that.volatilises...Manure.on.pasture.,0.315711536,FALSE
value.Goats.Emissions..CO2eq...Manure.management.,0.315919955,FALSE
value.Asses.Emissions..CH4...Manure.management.,0.316746443,FALSE
value.Asses.Emissions..CO2eq..from.CH4..Manure.management.,0.319701643,FALSE
value.Maize.Biomass.burned..dry.matter.,0.319701643,FALSE
value.Maize.Emissions..CO2eq..from.N2O..Burning.crop.residues.,0.319701643,FALSE
value.Maize.Emissions..CO2eq..from.CH4..Burning.crop.residues.,0.319701643,FALSE
value.Maize.Emissions..CO2eq...Burning.crop.residues.,0.31986744,FALSE
value.Maize.Emissions..CH4...Burning.crop.residues.,0.321501054,FALSE
value.Maize.Emissions..N2O...Burning.crop.residues.,0.321756525,FALSE
value.Mules.and.Asses.Emissions..CH4...Enteric.,0.322073407,FALSE
value.Mules.and.Asses.Emissions..CO2eq...Enteric.,0.322073407,FALSE
value.Mules.and.Asses.Stocks,0.323529329,FALSE
value.Mules.Emissions..N2O...Manure.management.,0.323529329,FALSE
value.Mules.Direct.emissions..N2O...Manure.management.,0.323717779,FALSE
value.Buffaloes.Emissions..N2O...Manure.on.pasture.,0.324245251,FALSE
value.Buffaloes.Direct.emissions..N2O...Manure.on.pasture.,0.325535706,FALSE
value.Asses.Emissions..CO2eq...Manure.management.,0.32593666,FALSE
value.Mules.Emissions..N2O...Manure.applied.,0.327057307,FALSE
value.Poultry.Birds.Indirect.emissions..N2O...Manure.on.pasture.,0.327333573,FALSE
value.Poultry.Birds.Indirect.emissions..N2O.that.volatilises...Manure.on.pasture.,0.327782507,FALSE
value.Goats.Direct.emissions..N2O...Manure.management.,0.327782507,FALSE
value.Goats.Emissions..N2O...Manure.management.,0.328082325,FALSE
value.Poultry.Birds.Direct.emissions..N2O...Manure.on.pasture.,0.328112296,FALSE
value.Poultry.Birds.Emissions..N2O...Manure.on.pasture.,0.328414993,FALSE
value.Poultry.Birds.Manure..N.content.that.leaches...Manure.on.pasture.,0.328414993,FALSE
value.Poultry.Birds.Manure..N.content.that.volatilises...Manure.on.pasture.,0.328414993,FALSE
value.Poultry.Birds.Manure..N.content...Manure.on.pasture.,0.328414993,FALSE
value.Poultry.Birds.Direct.emissions..CO2eq...Manure.on.pasture.,0.328414993,FALSE
value.Poultry.Birds.Emissions..CO2eq...Manure.on.pasture.,0.328431281,FALSE
value.Poultry.Birds.Indirect.emissions..CO2eq...Manure.on.pasture.,0.328445684,FALSE
value.Goats.Implied.emission.factor.for.N2O..Manure.management.,0.329155281,FALSE
value.Poultry.Birds.Indirect.emissions..N2O.that.leaches...Manure.on.pasture.,0.332533247,FALSE
value.Asses.Emissions..CH4...Enteric.,0.333059946,FALSE
value.Asses.Emissions..CO2eq...Enteric.,0.333059946,FALSE
value.Asses.Stocks,0.333288247,FALSE
value.Turkeys.Direct.emissions..N2O...Manure.on.pasture.,0.334634099,FALSE
value.Turkeys.Indirect.emissions..CO2eq...Manure.on.pasture.,0.335001812,FALSE
value.Turkeys.Direct.emissions..CO2eq...Manure.on.pasture.,0.335001812,FALSE
value.Turkeys.Emissions..CO2eq...Manure.on.pasture.,0.335556105,FALSE
value.Turkeys.Manure..N.content.that.leaches...Manure.on.pasture.,0.335556105,FALSE
value.Turkeys.Manure..N.content.that.volatilises...Manure.on.pasture.,0.335556105,FALSE
value.Turkeys.Manure..N.content...Manure.on.pasture.,0.338087055,FALSE
value.Mules.Direct.emissions..N2O...Manure.applied.,0.338682727,FALSE
value.Turkeys.Emissions..N2O...Manure.on.pasture.,0.339354708,FALSE
value.Mules.Indirect.emissions..N2O...Manure.applied.,0.341337519,FALSE
value.Buffaloes.Indirect.emissions..N2O...Manure.on.pasture.,0.341938524,FALSE
value.Mules.and.Asses.Direct.emissions..N2O...Manure.management.,0.341938524,FALSE
value.Mules.and.Asses.Emissions..N2O...Manure.management.,0.3441856,FALSE
value.Rice..paddy.Biomass.burned..dry.matter.,0.344511449,FALSE
value.Natural.gas..including.LNG..Consumption.in.Agriculture,0.344511449,FALSE
value.Natural.gas..including.LNG..Emissions..CO2eq..from.CH4..Energy.,0.344511449,FALSE
value.Natural.gas..including.LNG..Emissions..CO2eq..from.N2O..Energy.,0.344511449,FALSE
value.Natural.gas..including.LNG..Emissions..CO2...Energy.,0.344511449,FALSE
value.Natural.gas..including.LNG..Emissions..CO2eq...Energy.,0.344532436,FALSE
value.Rice..paddy.Emissions..CO2eq..from.N2O..Burning.crop.residues.,0.344589278,FALSE
value.Rice..paddy.Emissions..CO2eq..from.CH4..Burning.crop.residues.,0.344589278,FALSE
value.Rice..paddy.Emissions..CO2eq...Burning.crop.residues.,0.344593803,FALSE
value.Asses.Direct.emissions..N2O...Manure.management.,0.344593803,FALSE
value.Asses.Emissions..N2O...Manure.management.,0.344702314,FALSE
value.Rice..paddy.Emissions..CH4...Burning.crop.residues.,0.345447996,FALSE
value.Natural.gas..including.LNG..Emissions..N2O...Energy.,0.346610407,FALSE
value.Rice..paddy.Area.harvested,0.346863282,FALSE
value.Rice..paddy.Emissions..N2O...Burning.crop.residues.,0.349333842,FALSE
value.Natural.gas..including.LNG..Emissions..CH4...Energy.,0.351552269,FALSE
value.Buffaloes.Indirect.emissions..N2O.that.leaches...Manure.on.pasture.,0.351954589,FALSE
value.Buffaloes.Indirect.emissions..N2O.that.volatilises...Manure.on.pasture.,0.35249251,FALSE
value.Chickens..layers.Indirect.emissions..N2O.that.volatilises...Manure.on.pasture.,0.35545123,FALSE
value.Chickens..layers.Indirect.emissions..N2O...Manure.on.pasture.,0.355695178,FALSE
value.Chickens..layers.Indirect.emissions..N2O.that.leaches...Manure.on.pasture.,0.356695321,FALSE
value.Chickens..layers.Direct.emissions..N2O...Manure.on.pasture.,0.356794902,FALSE
value.Chickens..layers.Manure..N.content.that.leaches...Manure.on.pasture.,0.356794902,FALSE
value.Chickens..layers.Manure..N.content.that.volatilises...Manure.on.pasture.,0.356794902,FALSE
value.Chickens..layers.Manure..N.content...Manure.on.pasture.,0.356794902,FALSE
value.Chickens..layers.Direct.emissions..CO2eq...Manure.on.pasture.,0.356794902,FALSE
value.Chickens..layers.Indirect.emissions..CO2eq...Manure.on.pasture.,0.356794902,FALSE
value.Chickens..layers.Emissions..CO2eq...Manure.on.pasture.,0.356873772,FALSE
value.Chickens..layers.Emissions..N2O...Manure.on.pasture.,0.370044514,FALSE
value.Asses.Implied.emission.factor.for.N2O..Manure.management.,0.372562942,FALSE
value.Cropland.organic.soils.Emissions..N2O...Cultivation.of.organic.soils.,0.372562942,FALSE
value.Cropland.organic.soils.Emissions..CO2eq...Cultivation.of.organic.soils.,0.375775693,FALSE
value.Buffaloes.Direct.emissions..CO2eq...Manure.management.,0.375867073,FALSE
value.Turkeys.Indirect.emissions..CO2eq...Manure.management.,0.375968028,FALSE
value.Buffaloes.Emissions..CO2eq..from.N2O..Manure.management.,0.375978289,FALSE
value.Cropland.and.grassland.organic.soils.Emissions..N2O...Cultivation.of.organic.soils.,0.375978289,FALSE
value.Cropland.and.grassland.organic.soils.Emissions..CO2eq...Cultivation.of.organic.soils.,0.378854126,FALSE
value.Chickens.Indirect.emissions..CO2eq...Manure.management.,0.379103568,FALSE
value.Sheep.Emissions..CO2eq..from.N2O..Manure.management.,0.379137318,FALSE
value.Chickens..broilers.Indirect.emissions..CO2eq...Manure.management.,0.3792979,FALSE
value.Turkeys.Indirect.emissions..N2O...Manure.management.,0.37944777,FALSE
value.Sheep.Direct.emissions..CO2eq...Manure.management.,0.379604162,FALSE
value.Poultry.Birds.Indirect.emissions..CO2eq...Manure.management.,0.380610691,FALSE
value.Chickens..layers.Indirect.emissions..CO2eq...Manure.management.,0.389444035,FALSE
value.Ducks.Indirect.emissions..N2O...Manure.management.,0.38981688,FALSE
value.Buffaloes.Emissions..N2O...Manure.management.,0.389985277,FALSE
value.Sheep.Manure..N.content...Manure.management.,0.390104276,FALSE
value.Sheep.Implied.emission.factor.for.CH4..Enteric.,0.390696734,FALSE
value.Buffaloes.Direct.emissions..N2O...Manure.management.,0.391181195,FALSE
value.Cattle..dairy.Implied.emission.factor.for.N2O..Manure.management.,0.39119818,FALSE
value.Sheep.Manure..N.content...Manure.applied.,0.39119818,FALSE
value.Sheep.Direct.emissions..CO2eq...Manure.applied.,0.39119818,FALSE
value.Sheep.Indirect.emissions..CO2eq...Manure.applied.,0.39119818,FALSE
value.Sheep.Emissions..CO2eq...Manure.applied.,0.392429867,FALSE
value.Sheep.Emissions..N2O...Manure.management.,0.392581869,FALSE
value.Sheep.Direct.emissions..N2O...Manure.management.,0.395030503,FALSE
value.Rice..paddy.Indirect.emissions..N2O...Crop.residues.,0.395341966,FALSE
value.Rice..paddy.Residues..Crop.residues.,0.395341966,FALSE
value.Rice..paddy.Direct.emissions..CO2eq...Crop.residues.,0.395341966,FALSE
value.Rice..paddy.Indirect.emissions..CO2eq...Crop.residues.,0.395341966,FALSE
value.Rice..paddy.Emissions..CO2eq...Crop.residues.,0.395555348,FALSE
value.Rice..paddy.Emissions..N2O...Crop.residues.,0.395918219,FALSE
value.Rice..paddy.Direct.emissions..N2O...Crop.residues.,0.398057842,FALSE
value.Cropland.organic.soils.Area,0.399480139,FALSE
value.Grassland.organic.soils.Emissions..N2O...Cultivation.of.organic.soils.,0.400690575,FALSE
value.Cropland.and.grassland.organic.soils.Area,0.401356329,FALSE
value.Buffaloes.Emissions..CO2eq...Manure.management.,0.401452496,FALSE
value.Buffaloes.Emissions..CO2eq..from.CH4..Manure.management.,0.403693445,FALSE
value.Grassland.organic.soils.Emissions..CO2eq...Cultivation.of.organic.soils.,0.406645433,FALSE
value.Sugar.cane.Biomass.burned..dry.matter.,0.406645433,FALSE
value.Sugar.cane.Emissions..CO2eq...Burning.crop.residues.,0.406919948,FALSE
value.Buffaloes.Emissions..CH4...Manure.management.,0.407524368,FALSE
value.Sugar.cane.Emissions..CH4...Burning.crop.residues.,0.408282487,FALSE
value.Sugar.cane.Emissions..CO2eq..from.N2O..Burning.crop.residues.,0.408282487,FALSE
value.Sugar.cane.Emissions..CO2eq..from.CH4..Burning.crop.residues.,0.40908493,FALSE
value.Sheep.Emissions..N2O...Manure.applied.,0.40947846,FALSE
value.Sheep.Indirect.emissions..N2O...Manure.applied.,0.409678096,FALSE
value.Sheep.Direct.emissions..N2O...Manure.applied.,0.412127123,FALSE
value.Buffaloes.Emissions..CH4...Enteric.,0.412127123,FALSE
value.Buffaloes.Emissions..CO2eq...Enteric.,0.412127123,FALSE
value.Buffaloes.Stocks,0.412992633,FALSE
value.Buffaloes.Manure..N.content...Manure.management.,0.413366168,FALSE
value.Grassland.organic.soils.Area,0.414056808,FALSE
value.Sheep.and.Goats.Manure..N.content...Manure.applied.,0.414056808,FALSE
value.Sheep.and.Goats.Direct.emissions..CO2eq...Manure.applied.,0.414056808,FALSE
value.Sheep.and.Goats.Emissions..CO2eq...Manure.applied.,0.414080439,FALSE
value.Sheep.and.Goats.Indirect.emissions..CO2eq...Manure.applied.,0.414275633,FALSE
value.Sheep.and.Goats.Manure..N.content...Manure.management.,0.41751252,FALSE
value.Buffaloes.Manure..N.content...Manure.applied.,0.41751252,FALSE
value.Buffaloes.Direct.emissions..CO2eq...Manure.applied.,0.41751252,FALSE
value.Buffaloes.Indirect.emissions..CO2eq...Manure.applied.,0.41751252,FALSE
value.Buffaloes.Emissions..CO2eq...Manure.applied.,0.420067731,FALSE
value.Cattle..non.dairy.Manure..N.content.that.leaches...Manure.on.pasture.,0.420067731,FALSE
value.Cattle..non.dairy.Manure..N.content.that.volatilises...Manure.on.pasture.,0.420067731,FALSE
value.Cattle..non.dairy.Manure..N.content...Manure.on.pasture.,0.420067731,FALSE
value.Cattle..non.dairy.Direct.emissions..N2O...Manure.on.pasture.,0.420067731,FALSE
value.Cattle..non.dairy.Direct.emissions..CO2eq...Manure.on.pasture.,0.420067731,FALSE
value.Cattle..non.dairy.Indirect.emissions..CO2eq...Manure.on.pasture.,0.420067731,FALSE
value.Cattle..non.dairy.Emissions..N2O...Manure.on.pasture.,0.420067731,FALSE
value.Cattle..non.dairy.Emissions..CO2eq...Manure.on.pasture.,0.420287298,FALSE
value.Cattle..non.dairy.Indirect.emissions..N2O.that.leaches...Manure.on.pasture.,0.420323554,FALSE
value.Cattle..non.dairy.Indirect.emissions..N2O...Manure.on.pasture.,0.420343641,FALSE
value.Cattle..non.dairy.Indirect.emissions..N2O.that.volatilises...Manure.on.pasture.,0.421304807,FALSE
value.Sugar.cane.Emissions..N2O...Burning.crop.residues.,0.426084413,FALSE
value.Buffaloes.Direct.emissions..N2O...Manure.applied.,0.426770674,FALSE
value.Buffaloes.Emissions..N2O...Manure.applied.,0.426994846,FALSE
value.Sheep.and.Goats.Direct.emissions..CO2eq...Manure.management.,0.427246782,FALSE
value.Sheep.and.Goats.Emissions..CO2eq..from.N2O..Manure.management.,0.42925136,FALSE
value.Fuel.oil.Emissions..N2O...Energy.,0.429460856,FALSE
value.Sheep.and.Goats.Emissions..N2O...Manure.applied.,0.432067847,FALSE
value.Maize.Residues..Crop.residues.,0.432067847,FALSE
value.Maize.Indirect.emissions..CO2eq...Crop.residues.,0.432067847,FALSE
value.Maize.Emissions..CO2eq...Crop.residues.,0.432092925,FALSE
value.Maize.Direct.emissions..CO2eq...Crop.residues.,0.432252672,FALSE
value.Maize.Direct.emissions..N2O...Crop.residues.,0.432442094,FALSE
value.Maize.Emissions..N2O...Crop.residues.,0.432771672,FALSE
value.Maize.Indirect.emissions..N2O...Crop.residues.,0.43290589,FALSE
value.Swine..breeding.Implied.emission.factor.for.CH4..Enteric.,0.43290589,FALSE
value.Swine..market.Implied.emission.factor.for.CH4..Enteric.,0.434085422,FALSE
value.Liquefied.petroleum.gas..LPG..Emissions..N2O...Energy.,0.434661205,FALSE
value.Rye.Direct.emissions..N2O...Crop.residues.,0.434770383,FALSE
value.Sheep.and.Goats.Direct.emissions..N2O...Manure.applied.,0.434985325,FALSE
value.Chickens.Indirect.emissions..N2O...Manure.management.,0.436734131,FALSE
value.Buffaloes.Indirect.emissions..N2O...Manure.applied.,0.437934823,FALSE
value.Poultry.Birds.Indirect.emissions..N2O...Manure.management.,0.438642784,FALSE
value.Swine..market.Direct.emissions..N2O...Manure.management.,0.438761601,FALSE
value.Swine..market.Direct.emissions..CO2eq...Manure.management.,0.439240324,FALSE
value.Sheep.and.Goats.Indirect.emissions..N2O...Manure.applied.,0.441757937,FALSE
value.Rye.Emissions..N2O...Crop.residues.,0.444140411,FALSE
value.Energy.used.in.fishery.Emissions..N2O...Energy.,0.444577472,FALSE
value.Rye.Indirect.emissions..CO2eq...Crop.residues.,0.444872345,FALSE
value.Rye.Residues..Crop.residues.,0.444872345,FALSE
value.Rye.Direct.emissions..CO2eq...Crop.residues.,0.444872345,FALSE
value.Rye.Emissions..CO2eq...Crop.residues.,0.445168696,FALSE
value.Chickens..broilers.Indirect.emissions..N2O...Manure.management.,0.448197064,FALSE
value.Rye.Indirect.emissions..N2O...Crop.residues.,0.450542747,FALSE
value.Sheep.and.Goats.Emissions..N2O...Manure.management.,0.450585075,FALSE
value.Sheep.and.Goats.Direct.emissions..N2O...Manure.management.,0.458621037,FALSE
value.Fuel.oil.Emissions..CH4...Energy.,0.458624829,FALSE
value.Fuel.oil.Emissions..CO2eq..from.N2O..Energy.,0.458916381,FALSE
value.Fuel.oil.Consumption.in.Agriculture,0.459185525,FALSE
value.Fuel.oil.Emissions..CO2eq..from.CH4..Energy.,0.459206122,FALSE
value.Fuel.oil.Emissions..CO2...Energy.,0.459206122,FALSE
value.Fuel.oil.Emissions..CO2eq...Energy.,0.462935376,FALSE
value.Cattle.Indirect.emissions..N2O.that.leaches...Manure.on.pasture.,0.462978475,FALSE
value.Cattle.Manure..N.content.that.leaches...Manure.on.pasture.,0.462978475,FALSE
value.Cattle.Manure..N.content.that.volatilises...Manure.on.pasture.,0.462978475,FALSE
value.Cattle.Manure..N.content...Manure.on.pasture.,0.462978475,FALSE
value.Cattle.Direct.emissions..N2O...Manure.on.pasture.,0.462978475,FALSE
value.Cattle.Direct.emissions..CO2eq...Manure.on.pasture.,0.462978475,FALSE
value.Cattle.Indirect.emissions..CO2eq...Manure.on.pasture.,0.462978475,FALSE
value.Cattle.Emissions..N2O...Manure.on.pasture.,0.462978475,FALSE
value.Cattle.Emissions..CO2eq...Manure.on.pasture.,0.463087372,FALSE
value.Cattle.Indirect.emissions..N2O.that.volatilises...Manure.on.pasture.,0.463097355,FALSE
value.Cattle.Indirect.emissions..N2O...Manure.on.pasture.,0.464419617,FALSE
value.Swine.Direct.emissions..N2O...Manure.management.,0.464521429,FALSE
value.Swine.Direct.emissions..CO2eq...Manure.management.,0.469199219,FALSE
value.Energy.used.in.fishery.Emissions..CO2eq..from.N2O..Energy.,0.473013882,FALSE
value.Rice..paddy.Emissions..CH4...Rice.cultivation.,0.473013882,FALSE
value.Rice..paddy.Emissions..CO2eq...Rice.cultivation.,0.473471968,FALSE
value.Liquefied.petroleum.gas..LPG..Emissions..CO2...Energy.,0.473662102,FALSE
value.Liquefied.petroleum.gas..LPG..Emissions..CH4...Energy.,0.475416524,FALSE
value.Liquefied.petroleum.gas..LPG..Consumption.in.Agriculture,0.477292143,FALSE
value.Liquefied.petroleum.gas..LPG..Emissions..CO2eq...Energy.,0.477482305,FALSE
value.Liquefied.petroleum.gas..LPG..Emissions..CO2eq..from.CH4..Energy.,0.477482305,FALSE
value.Liquefied.petroleum.gas..LPG..Emissions..CO2eq..from.N2O..Energy.,0.478841314,FALSE
value.Sheep.and.Goats.Indirect.emissions..N2O.that.volatilises...Manure.on.pasture.,0.478873219,FALSE
value.Sheep.and.Goats.Direct.emissions..N2O...Manure.on.pasture.,0.478919978,FALSE
value.Sheep.and.Goats.Manure..N.content.that.leaches...Manure.on.pasture.,0.478919978,FALSE
value.Sheep.and.Goats.Manure..N.content.that.volatilises...Manure.on.pasture.,0.478919978,FALSE
value.Sheep.and.Goats.Manure..N.content...Manure.on.pasture.,0.478919978,FALSE
value.Sheep.and.Goats.Direct.emissions..CO2eq...Manure.on.pasture.,0.478919978,FALSE
value.Sheep.and.Goats.Indirect.emissions..CO2eq...Manure.on.pasture.,0.478919978,FALSE
value.Sheep.and.Goats.Emissions..CO2eq...Manure.on.pasture.,0.478926368,FALSE
value.Sheep.and.Goats.Indirect.emissions..N2O.that.leaches...Manure.on.pasture.,0.478948704,FALSE
value.Sheep.and.Goats.Emissions..N2O...Manure.on.pasture.,0.479041157,FALSE
value.Chickens..layers.Indirect.emissions..N2O...Manure.management.,0.479161754,FALSE
value.Sheep.and.Goats.Indirect.emissions..N2O...Manure.on.pasture.,0.481251896,FALSE
value.Coal.Emissions..N2O...Energy.,0.481306066,FALSE
value.Soybeans.Emissions..N2O...Crop.residues.,0.483300986,FALSE
value.Energy.used.in.fishery.Emissions..CO2eq...Energy.,0.483836186,FALSE
value.Coal.Consumption.in.Agriculture,0.483836186,FALSE
value.Coal.Emissions..CH4...Energy.,0.483836186,FALSE
value.Coal.Emissions..CO2eq..from.CH4..Energy.,0.483836186,FALSE
value.Coal.Emissions..CO2eq..from.N2O..Energy.,0.483836186,FALSE
value.Coal.Emissions..CO2...Energy.,0.483836186,FALSE
value.Coal.Emissions..CO2eq...Energy.,0.484196521,FALSE
value.Energy.used.in.fishery.Consumption.in.Agriculture,0.484888525,FALSE
value.Energy.used.in.fishery.Emissions..CO2...Energy.,0.485050314,FALSE
value.Soybeans.Residues..Crop.residues.,0.485050314,FALSE
value.Soybeans.Direct.emissions..CO2eq...Crop.residues.,0.485050314,FALSE
value.Soybeans.Indirect.emissions..CO2eq...Crop.residues.,0.485050314,FALSE
value.Soybeans.Emissions..CO2eq...Crop.residues.,0.485103576,FALSE
value.Soybeans.Direct.emissions..N2O...Crop.residues.,0.487752794,FALSE
value.Horses.Emissions..CO2eq...Manure.applied.,0.487760797,FALSE
value.Horses.Direct.emissions..CO2eq...Manure.applied.,0.487781643,FALSE
value.Horses.Manure..N.content...Manure.applied.,0.487781643,FALSE
value.Horses.Manure..N.content...Manure.management.,0.489301801,FALSE
value.Energy.for.power.irrigation.Emissions..N2O...Energy.,0.489504097,FALSE
value.Energy.used.in.fishery.Emissions..CH4...Energy.,0.489504097,FALSE
value.Energy.used.in.fishery.Emissions..CO2eq..from.CH4..Energy.,0.489530722,FALSE
value.Rice..paddy.Implied.emission.factor.for.CH4..Rice.cultivation.,0.490086507,FALSE
value.Horses.Indirect.emissions..CO2eq...Manure.applied.,0.490415231,FALSE
value.Sheep.and.Goats.Stocks,0.492312747,FALSE
value.Sheep.and.Goats.Emissions..CH4...Manure.management.,0.492436785,FALSE
value.Sheep.and.Goats.Emissions..CO2eq..from.CH4..Manure.management.,0.493895667,FALSE
value.Soybeans.Indirect.emissions..N2O...Crop.residues.,0.496393563,FALSE
value.Energy.for.power.irrigation.Emissions..CO2...Energy.,0.496851125,FALSE
value.Horses.Direct.emissions..CO2eq...Manure.management.,0.496851125,FALSE
value.Horses.Emissions..CO2eq..from.N2O..Manure.management.,-0.500774644,TRUE
value.Energy.for.power.irrigation.Emissions..CO2eq...Energy.,0.500019242,TRUE
value.Swine..market.Emissions..N2O...Manure.management.,0.503645632,TRUE
value.Swine..market.Emissions..CO2eq..from.N2O..Manure.management.,0.503710689,TRUE
value.Horses.Emissions..CH4...Manure.management.,0.505763943,TRUE
value.Horses.Emissions..CO2eq..from.CH4..Manure.management.,0.505824794,TRUE
value.Motor.Gasoline.Emissions..N2O...Energy.,0.510298636,TRUE
value.Cattle..non.dairy.Stocks,0.510460588,TRUE
value.Energy.for.power.irrigation.Emissions..CH4...Energy.,0.512466559,TRUE
value.Energy.for.power.irrigation.Consumption.in.Agriculture,0.51249916,TRUE
value.Energy.for.power.irrigation.Emissions..CO2eq..from.CH4..Energy.,0.51249916,TRUE
value.Energy.for.power.irrigation.Emissions..CO2eq..from.N2O..Energy.,0.512624281,TRUE
value.All.Animals.Direct.emissions..N2O...Manure.on.pasture.,0.513082346,TRUE
value.All.Animals.Direct.emissions..CO2eq...Manure.on.pasture.,0.513082346,TRUE
value.Motor.Gasoline.Emissions..CH4...Energy.,0.513425119,TRUE
value.Motor.Gasoline.Emissions..CO2eq...Energy.,0.513425119,TRUE
value.Horses.Emissions..CO2eq...Manure.management.,0.51408359,TRUE
value.Horses.Emissions..CH4...Enteric.,0.514138126,TRUE
value.Horses.Emissions..CO2eq...Enteric.,0.514138126,TRUE
value.Horses.Stocks,0.514138126,TRUE
value.Sheep.and.Goats.Emissions..CH4...Enteric.,0.515479952,TRUE
value.Sheep.and.Goats.Emissions..CO2eq...Enteric.,0.515479952,TRUE
value.Motor.Gasoline.Consumption.in.Agriculture,0.51580105,TRUE
value.Horses.Indirect.emissions..N2O.that.leaches...Manure.on.pasture.,0.516728581,TRUE
value.Horses.Indirect.emissions..N2O.that.volatilises...Manure.on.pasture.,0.516739262,TRUE
value.Swine.Emissions..N2O...Manure.management.,0.517129581,TRUE
value.Swine.Emissions..CO2eq..from.N2O..Manure.management.,0.517431268,TRUE
value.Horses.Emissions..N2O...Manure.on.pasture.,0.517531688,TRUE
value.Horses.Direct.emissions..N2O...Manure.on.pasture.,0.51755029,TRUE
value.Horses.Manure..N.content.that.leaches...Manure.on.pasture.,0.517561441,TRUE
value.Horses.Manure..N.content.that.volatilises...Manure.on.pasture.,0.517561441,TRUE
value.Horses.Manure..N.content...Manure.on.pasture.,0.517561441,TRUE
value.Horses.Direct.emissions..CO2eq...Manure.on.pasture.,0.517561441,TRUE
value.Horses.Indirect.emissions..CO2eq...Manure.on.pasture.,0.517561441,TRUE
value.Horses.Emissions..CO2eq...Manure.on.pasture.,0.517561441,TRUE
value.All.Animals.Emissions..N2O...Manure.on.pasture.,0.517829234,TRUE
value.All.Animals.Emissions..CO2eq...Manure.on.pasture.,0.517829234,TRUE
value.Motor.Gasoline.Emissions..CO2eq..from.CH4..Energy.,0.518000339,TRUE
value.Motor.Gasoline.Emissions..CO2eq..from.N2O..Energy.,0.518000339,TRUE
value.Motor.Gasoline.Emissions..CO2...Energy.,0.518000339,TRUE
value.Horses.Indirect.emissions..N2O...Manure.on.pasture.,0.518579886,TRUE
value.Sheep.Manure..N.content.that.leaches...Manure.on.pasture.,0.520003384,TRUE
value.Sheep.Manure..N.content.that.volatilises...Manure.on.pasture.,0.520003384,TRUE
value.Sheep.Manure..N.content...Manure.on.pasture.,0.520003384,TRUE
value.Sheep.Direct.emissions..CO2eq...Manure.on.pasture.,0.520003384,TRUE
value.Sheep.Indirect.emissions..CO2eq...Manure.on.pasture.,0.520003384,TRUE
value.Sheep.Emissions..CO2eq...Manure.on.pasture.,0.520003384,TRUE
value.Sheep.Emissions..N2O...Manure.on.pasture.,0.52007483,TRUE
value.Sheep.Direct.emissions..N2O...Manure.on.pasture.,0.520152594,TRUE
value.Sheep.Indirect.emissions..N2O...Manure.on.pasture.,0.521305337,TRUE
value.Sheep.Indirect.emissions..N2O.that.leaches...Manure.on.pasture.,0.521742218,TRUE
value.Sheep.Indirect.emissions..N2O.that.volatilises...Manure.on.pasture.,0.521924479,TRUE
value.Sheep.Stocks,0.523208308,TRUE
value.Horses.Direct.emissions..N2O...Manure.applied.,0.524386951,TRUE
value.Horses.Emissions..N2O...Manure.applied.,0.525311256,TRUE
value.Cattle..dairy.Indirect.emissions..N2O...Manure.on.pasture.,0.526146425,TRUE
value.All.Animals.Indirect.emissions..N2O.that.leaches...Manure.on.pasture.,0.526177162,TRUE
value.All.Animals.Indirect.emissions..N2O.that.volatilises...Manure.on.pasture.,0.526177162,TRUE
value.All.Animals.Manure..N.content.that.leaches...Manure.on.pasture.,0.526177162,TRUE
value.All.Animals.Manure..N.content.that.volatilises...Manure.on.pasture.,0.526177162,TRUE
value.All.Animals.Manure..N.content...Manure.on.pasture.,0.526177162,TRUE
value.All.Animals.Indirect.emissions..N2O...Manure.on.pasture.,0.526177162,TRUE
value.All.Animals.Indirect.emissions..CO2eq...Manure.on.pasture.,0.526177162,TRUE
value.Cattle..dairy.Manure..N.content.that.leaches...Manure.on.pasture.,0.526249382,TRUE
value.Cattle..dairy.Manure..N.content.that.volatilises...Manure.on.pasture.,0.526253987,TRUE
value.Cattle..dairy.Manure..N.content...Manure.on.pasture.,0.526253987,TRUE
value.Cattle..dairy.Indirect.emissions..CO2eq...Manure.on.pasture.,0.526253987,TRUE
value.Cattle..dairy.Direct.emissions..CO2eq...Manure.on.pasture.,0.52625785,TRUE
value.Cattle..dairy.Emissions..CO2eq...Manure.on.pasture.,0.52625785,TRUE
value.Cattle..dairy.Emissions..N2O...Manure.on.pasture.,0.526385318,TRUE
value.Cattle..dairy.Direct.emissions..N2O...Manure.on.pasture.,0.526419153,TRUE
value.Horses.Indirect.emissions..N2O...Manure.applied.,0.526596263,TRUE
value.Cattle..dairy.Indirect.emissions..N2O.that.leaches...Manure.on.pasture.,0.527158392,TRUE
value.Cattle..dairy.Indirect.emissions..N2O.that.volatilises...Manure.on.pasture.,0.527439429,TRUE
value.Horses.Direct.emissions..N2O...Manure.management.,0.528073326,TRUE
value.Horses.Emissions..N2O...Manure.management.,0.528073326,TRUE
value.Sheep.Emissions..CO2eq..from.CH4..Manure.management.,0.534313556,TRUE
value.Sheep.Emissions..CH4...Manure.management.,0.534404122,TRUE
value.Swine..market.Indirect.emissions..N2O...Manure.applied.,0.534591086,TRUE
value.Swine..market.Manure..N.content...Manure.applied.,0.534819152,TRUE
value.Swine..market.Direct.emissions..CO2eq...Manure.applied.,0.534819152,TRUE
value.Swine..market.Indirect.emissions..CO2eq...Manure.applied.,0.534819152,TRUE
value.Swine..market.Emissions..CO2eq...Manure.applied.,0.534819152,TRUE
value.Swine..market.Emissions..N2O...Manure.applied.,0.534955287,TRUE
value.Swine..market.Direct.emissions..N2O...Manure.applied.,0.535006002,TRUE
value.Sheep.and.Goats.Emissions..CO2eq...Manure.management.,0.537040379,TRUE
value.All.Crops.Biomass.burned..dry.matter.,0.540543787,TRUE
value.All.Crops.Emissions..CO2eq...Burning.crop.residues.,0.540543787,TRUE
value.All.Crops.Emissions..CH4...Burning.crop.residues.,0.540544214,TRUE
value.All.Crops.Emissions..CO2eq..from.N2O..Burning.crop.residues.,0.540544214,TRUE
value.All.Crops.Emissions..CO2eq..from.CH4..Burning.crop.residues.,0.540544214,TRUE
value.All.Crops.Emissions..N2O...Burning.crop.residues.,0.540727464,TRUE
value.Cattle..non.dairy.Emissions..CH4...Enteric.,0.542354729,TRUE
value.Cattle..non.dairy.Emissions..CO2eq...Enteric.,0.542354729,TRUE
value.Cattle.Stocks,0.543004952,TRUE
value.Swine.Indirect.emissions..N2O...Manure.applied.,0.545894433,TRUE
value.Swine.Manure..N.content...Manure.applied.,0.545971461,TRUE
value.Swine.Direct.emissions..CO2eq...Manure.applied.,0.545971461,TRUE
value.Swine.Indirect.emissions..CO2eq...Manure.applied.,0.545971461,TRUE
value.Swine.Emissions..CO2eq...Manure.applied.,0.545971461,TRUE
value.Swine.Direct.emissions..N2O...Manure.applied.,0.546076024,TRUE
value.Swine.Emissions..N2O...Manure.applied.,0.546133075,TRUE
value.Ducks.Emissions..CO2eq..from.CH4..Manure.management.,0.547862877,TRUE
value.Ducks.Emissions..CH4...Manure.management.,0.547899198,TRUE
value.Camels.Implied.emission.factor.for.N2O..Manure.management.,0.548081467,TRUE
value.Sheep.Emissions..CH4...Enteric.,0.549295675,TRUE
value.Sheep.Emissions..CO2eq...Enteric.,0.549295675,TRUE
value.Cattle..non.dairy.Indirect.emissions..CO2eq...Manure.management.,0.549524232,TRUE
value.Ducks.Stocks,0.551508677,TRUE
value.Swine..market.Manure..N.content...Manure.management.,0.552106773,TRUE
value.Turkeys.Stocks,0.559051618,TRUE
value.Swine.Manure..N.content...Manure.management.,0.560176001,TRUE
value.Turkeys.Emissions..CO2eq..from.CH4..Manure.management.,0.560237096,TRUE
value.Turkeys.Emissions..CH4...Manure.management.,0.562067731,TRUE
value.Cattle..non.dairy.Indirect.emissions..N2O...Manure.management.,0.564004889,TRUE
value.Swine..breeding.Direct.emissions..N2O...Manure.management.,0.564025585,TRUE
value.Swine..breeding.Emissions..CH4...Manure.management.,0.564748812,TRUE
value.Swine..breeding.Emissions..CO2eq..from.CH4..Manure.management.,0.564770736,TRUE
value.Sheep.Emissions..CO2eq...Manure.management.,0.564977059,TRUE
value.Swine..market.Emissions..CO2eq...Manure.management.,0.566031734,TRUE
value.Swine..breeding.Direct.emissions..CO2eq...Manure.management.,0.566411576,TRUE
value.Swine.Emissions..CH4...Manure.management.,0.569798887,TRUE
value.Swine.Emissions..CO2eq..from.CH4..Manure.management.,0.569824367,TRUE
value.Swine.Emissions..CO2eq...Manure.management.,0.570202281,TRUE
value.Swine..market.Emissions..CH4...Manure.management.,0.570398536,TRUE
value.Swine..market.Emissions..CO2eq..from.CH4..Manure.management.,0.570424016,TRUE
value.Swine..breeding.Emissions..CO2eq...Manure.management.,0.571756355,TRUE
value.Swine..breeding.Indirect.emissions..CO2eq...Manure.management.,0.572273233,TRUE
value.Swine..breeding.Indirect.emissions..N2O...Manure.management.,0.573285493,TRUE
value.Swine..breeding.Manure..N.content...Manure.management.,0.578107618,TRUE
value.Swine..breeding.Indirect.emissions..N2O...Manure.applied.,0.581507397,TRUE
value.Swine..breeding.Manure..N.content...Manure.applied.,0.582393852,TRUE
value.Swine..breeding.Indirect.emissions..CO2eq...Manure.applied.,0.582406947,TRUE
value.Swine..breeding.Direct.emissions..CO2eq...Manure.applied.,0.582413695,TRUE
value.Swine..breeding.Emissions..CO2eq...Manure.applied.,0.582432415,TRUE
value.Ducks.Emissions..CO2eq...Manure.management.,0.582543777,TRUE
value.Swine..breeding.Emissions..CO2eq..from.N2O..Manure.management.,0.583186314,TRUE
value.Swine..breeding.Emissions..N2O...Manure.management.,0.583546356,TRUE
value.Swine..breeding.Emissions..N2O...Manure.applied.,0.583710316,TRUE
value.Swine..breeding.Direct.emissions..N2O...Manure.applied.,0.583943734,TRUE
value.Swine..breeding.Stocks,0.584003842,TRUE
value.Swine..market.Stocks,0.584003842,TRUE
value.Swine.Stocks,0.584003842,TRUE
value.Turkeys.Emissions..CO2eq...Manure.management.,0.585831893,TRUE
value.Turkeys.Direct.emissions..N2O...Manure.applied.,0.589296067,TRUE
value.Turkeys.Indirect.emissions..N2O...Manure.applied.,0.590465893,TRUE
value.Turkeys.Direct.emissions..CO2eq...Manure.management.,0.590540875,TRUE
value.Turkeys.Manure..N.content...Manure.applied.,0.591018359,TRUE
value.Turkeys.Direct.emissions..CO2eq...Manure.applied.,0.591018359,TRUE
value.Turkeys.Indirect.emissions..CO2eq...Manure.applied.,0.591018359,TRUE
value.Turkeys.Emissions..CO2eq...Manure.applied.,0.591018359,TRUE
value.Turkeys.Emissions..N2O...Manure.applied.,0.591403709,TRUE
value.Ducks.Direct.emissions..CO2eq...Manure.management.,0.591585086,TRUE
value.Turkeys.Emissions..CO2eq..from.N2O..Manure.management.,0.591660493,TRUE
value.Oats.Residues..Crop.residues.,0.59166621,TRUE
value.Oats.Direct.emissions..CO2eq...Crop.residues.,0.59166621,TRUE
value.Oats.Indirect.emissions..CO2eq...Crop.residues.,0.59166621,TRUE
value.Oats.Emissions..CO2eq...Crop.residues.,0.59166621,TRUE
value.Ducks.Indirect.emissions..N2O...Manure.applied.,0.591754143,TRUE
value.Turkeys.Manure..N.content...Manure.management.,0.592039187,TRUE
value.Ducks.Indirect.emissions..CO2eq...Manure.applied.,0.592046514,TRUE
value.Ducks.Emissions..CO2eq...Manure.applied.,0.592046514,TRUE
value.Oats.Emissions..N2O...Crop.residues.,0.592075476,TRUE
value.Ducks.Manure..N.content...Manure.applied.,0.592357231,TRUE
value.Ducks.Manure..N.content...Manure.management.,0.592357231,TRUE
value.Ducks.Direct.emissions..CO2eq...Manure.applied.,0.592412564,TRUE
value.Ducks.Emissions..CO2eq..from.N2O..Manure.management.,0.592453393,TRUE
value.Ducks.Direct.emissions..N2O...Manure.applied.,0.59294606,TRUE
value.Turkeys.Direct.emissions..N2O...Manure.management.,0.593017981,TRUE
value.Oats.Indirect.emissions..N2O...Crop.residues.,0.593323365,TRUE
value.Ducks.Emissions..N2O...Manure.applied.,0.593529018,TRUE
value.Oats.Direct.emissions..N2O...Crop.residues.,0.594093793,TRUE
value.Turkeys.Emissions..N2O...Manure.management.,0.59429919,TRUE
value.Swine..breeding.Emissions..CH4...Enteric.,0.595387827,TRUE
value.Swine..market.Emissions..CH4...Enteric.,0.595784211,TRUE
value.Swine.Emissions..CH4...Enteric.,0.595784211,TRUE
value.Swine..breeding.Emissions..CO2eq...Enteric.,0.595889817,TRUE
value.Swine..market.Emissions..CO2eq...Enteric.,0.595889817,TRUE
value.Swine.Emissions..CO2eq...Enteric.,0.595889817,TRUE
value.Cattle.Emissions..CH4...Enteric.,0.596903194,TRUE
value.Cattle.Emissions..CO2eq...Enteric.,0.596903194,TRUE
value.Ducks.Emissions..N2O...Manure.management.,0.597435991,TRUE
value.Ducks.Direct.emissions..N2O...Manure.management.,0.597655125,TRUE
value.Swine.Indirect.emissions..N2O...Manure.management.,0.600520664,TRUE
value.Swine..market.Indirect.emissions..N2O...Manure.management.,0.600572755,TRUE
value.Swine..market.Indirect.emissions..CO2eq...Manure.management.,0.601050447,TRUE
value.Swine.Indirect.emissions..CO2eq...Manure.management.,0.601141069,TRUE
value.Cattle..dairy.Stocks,0.608536568,TRUE
value.Barley.Residues..Crop.residues.,0.610839646,TRUE
value.Barley.Direct.emissions..CO2eq...Crop.residues.,0.610839646,TRUE
value.Barley.Emissions..CO2eq...Crop.residues.,0.610839646,TRUE
value.Barley.Indirect.emissions..CO2eq...Crop.residues.,0.610921292,TRUE
value.Barley.Emissions..N2O...Crop.residues.,0.61093685,TRUE
value.Barley.Direct.emissions..N2O...Crop.residues.,0.611394735,TRUE
value.Cattle..non.dairy.Emissions..CH4...Manure.management.,0.611456932,TRUE
value.Cattle..non.dairy.Emissions..CO2eq..from.CH4..Manure.management.,0.611456932,TRUE
value.Barley.Indirect.emissions..N2O...Crop.residues.,0.613401068,TRUE
value.Chickens..broilers.Emissions..CO2eq..from.CH4..Manure.management.,0.61788058,TRUE
value.Chickens..broilers.Emissions..CH4...Manure.management.,0.617959111,TRUE
value.All.Animals.Emissions..CH4...Enteric.,0.629752062,TRUE
value.All.Animals.Emissions..CO2eq...Enteric.,0.629752062,TRUE
value.Transport.fuel.used.in.agriculture..excl..fishery..Emissions..CO2eq..from.N2O..Energy.,0.639979889,TRUE
value.Transport.fuel.used.in.agriculture..excl..fishery..Emissions..N2O...Energy.,0.640111026,TRUE
value.Chickens..broilers.Stocks,0.643032559,TRUE
value.Cattle..non.dairy.Direct.emissions..CO2eq...Manure.management.,0.647620002,TRUE
value.Cattle..non.dairy.Direct.emissions..N2O...Manure.management.,0.648126062,TRUE
value.Cattle..non.dairy.Emissions..CO2eq..from.N2O..Manure.management.,0.652191371,TRUE
value.Cattle..non.dairy.Emissions..N2O...Manure.management.,0.652472305,TRUE
value.Cattle..dairy.Emissions..CH4...Enteric.,0.652576712,TRUE
value.Cattle..dairy.Emissions..CO2eq...Enteric.,0.652576712,TRUE
value.Cattle..dairy.Direct.emissions..CO2eq...Manure.management.,0.658899527,TRUE
value.Cattle..dairy.Emissions..N2O...Manure.applied.,0.659985491,TRUE
value.Cattle..dairy.Direct.emissions..N2O...Manure.applied.,0.660111232,TRUE
value.Cattle..dairy.Manure..N.content...Manure.applied.,0.660196559,TRUE
value.Cattle..dairy.Direct.emissions..CO2eq...Manure.applied.,0.660196559,TRUE
value.Cattle..dairy.Indirect.emissions..CO2eq...Manure.applied.,0.660196559,TRUE
value.Cattle..dairy.Emissions..CO2eq...Manure.applied.,0.660196559,TRUE
value.Cattle..dairy.Indirect.emissions..N2O...Manure.applied.,0.660858864,TRUE
value.Cattle..dairy.Direct.emissions..N2O...Manure.management.,0.660965334,TRUE
value.Wheat.Emissions..N2O...Burning.crop.residues.,0.661013072,TRUE
value.Cattle..non.dairy.Emissions..CO2eq...Manure.management.,0.661025023,TRUE
value.All.Animals.Direct.emissions..N2O...Manure.management.,0.661670377,TRUE
value.All.Animals.Direct.emissions..CO2eq...Manure.management.,0.661676846,TRUE
value.Cattle.Direct.emissions..CO2eq...Manure.management.,0.663389037,TRUE
value.Wheat.Emissions..CO2eq..from.N2O..Burning.crop.residues.,0.663425195,TRUE
value.Wheat.Emissions..CO2eq..from.CH4..Burning.crop.residues.,0.663425195,TRUE
value.Wheat.Biomass.burned..dry.matter.,0.663459621,TRUE
value.Wheat.Emissions..CO2eq...Burning.crop.residues.,0.663459621,TRUE
value.Wheat.Emissions..CH4...Burning.crop.residues.,0.663553349,TRUE
value.Transport.fuel.used.in.agriculture..excl..fishery..Emissions..CO2eq...Energy.,0.66382824,TRUE
value.Cattle.Direct.emissions..N2O...Manure.management.,0.663869045,TRUE
value.Transport.fuel.used.in.agriculture..excl..fishery..Emissions..CO2...Energy.,0.66395187,TRUE
value.Transport.fuel.used.in.agriculture..excl..fishery..Consumption.in.Agriculture,0.664726422,TRUE
value.All.Crops.Residues..Crop.residues.,0.665098233,TRUE
value.All.Crops.Direct.emissions..CO2eq...Crop.residues.,0.665098233,TRUE
value.All.Crops.Indirect.emissions..CO2eq...Crop.residues.,0.665098233,TRUE
value.All.Crops.Emissions..CO2eq...Crop.residues.,0.665098233,TRUE
value.All.Crops.Emissions..N2O...Crop.residues.,0.665201167,TRUE
value.All.Crops.Direct.emissions..N2O...Crop.residues.,0.665370274,TRUE
value.All.Crops.Indirect.emissions..N2O...Crop.residues.,0.665571032,TRUE
value.Cattle..dairy.Manure..N.content...Manure.management.,0.667213801,TRUE
value.Cattle.Emissions..CH4...Manure.management.,0.669306836,TRUE
value.Cattle.Emissions..CO2eq..from.CH4..Manure.management.,0.669306836,TRUE
value.Transport.fuel.used.in.agriculture..excl..fishery..Emissions..CH4...Energy.,0.66995726,TRUE
value.Transport.fuel.used.in.agriculture..excl..fishery..Emissions..CO2eq..from.CH4..Energy.,0.669978393,TRUE
value.All.Animals.Emissions..CO2eq..from.N2O..Manure.management.,0.671144297,TRUE
value.All.Animals.Emissions..N2O...Manure.management.,0.671223738,TRUE
value.All.Animals.Indirect.emissions..CO2eq...Manure.management.,0.676825045,TRUE
value.All.Animals.Indirect.emissions..N2O...Manure.management.,0.676999614,TRUE
value.Cattle.Emissions..CO2eq..from.N2O..Manure.management.,0.678366304,TRUE
value.Cattle.Emissions..N2O...Manure.management.,0.678896195,TRUE
value.Chickens..broilers.Emissions..CO2eq...Manure.management.,0.68008259,TRUE
value.Cattle..dairy.Emissions..CO2eq..from.N2O..Manure.management.,0.683970782,TRUE
value.Cattle..dairy.Emissions..N2O...Manure.management.,0.684584708,TRUE
value.Cattle..dairy.Emissions..CO2eq..from.CH4..Manure.management.,0.684930502,TRUE
value.Cattle..dairy.Emissions..CH4...Manure.management.,0.68495145,TRUE
value.Cattle..dairy.Indirect.emissions..CO2eq...Manure.management.,0.686145676,TRUE
value.Cattle..non.dairy.Manure..N.content...Manure.management.,0.686236002,TRUE
value.Cattle..dairy.Indirect.emissions..N2O...Manure.management.,0.68788879,TRUE
value.Cattle..dairy.Emissions..CO2eq...Manure.management.,0.68927182,TRUE
value.Cattle.Indirect.emissions..N2O...Manure.management.,0.692548995,TRUE
value.Cattle.Emissions..CO2eq...Manure.management.,0.692564504,TRUE
value.Chickens.Stocks,0.693130906,TRUE
value.Cattle.Indirect.emissions..CO2eq...Manure.management.,0.693164329,TRUE
value.Poultry.Birds.Stocks,0.693258873,TRUE
value.Cattle..non.dairy.Manure..N.content...Manure.applied.,0.694022431,TRUE
value.Cattle..non.dairy.Direct.emissions..CO2eq...Manure.applied.,0.694022431,TRUE
value.Cattle..non.dairy.Emissions..CO2eq...Manure.applied.,0.694022431,TRUE
value.Cattle..non.dairy.Indirect.emissions..CO2eq...Manure.applied.,0.694029977,TRUE
value.Cattle..non.dairy.Indirect.emissions..N2O...Manure.applied.,0.694286609,TRUE
value.Cattle..non.dairy.Emissions..N2O...Manure.applied.,0.694458264,TRUE
value.Cattle..non.dairy.Direct.emissions..N2O...Manure.applied.,0.694846442,TRUE
value.All.Animals.Emissions..CO2eq...Manure.management.,0.696199165,TRUE
value.Potatoes.Indirect.emissions..N2O...Crop.residues.,0.699506194,TRUE
value.Potatoes.Residues..Crop.residues.,0.700384117,TRUE
value.Potatoes.Direct.emissions..CO2eq...Crop.residues.,0.700384117,TRUE
value.Potatoes.Emissions..CO2eq...Crop.residues.,0.700384117,TRUE
value.Potatoes.Indirect.emissions..CO2eq...Crop.residues.,0.700394868,TRUE
value.Potatoes.Emissions..N2O...Crop.residues.,0.700485734,TRUE
value.Potatoes.Direct.emissions..N2O...Crop.residues.,0.700959534,TRUE
value.All.Animals.Emissions..CH4...Manure.management.,0.701347862,TRUE
value.All.Animals.Emissions..CO2eq..from.CH4..Manure.management.,0.701347862,TRUE
value.All.Animals.Direct.emissions..N2O...Manure.applied.,0.70582575,TRUE
value.All.Animals.Indirect.emissions..N2O...Manure.applied.,0.70582575,TRUE
value.All.Animals.Manure..N.content...Manure.applied.,0.705881375,TRUE
value.All.Animals.Direct.emissions..CO2eq...Manure.applied.,0.705881375,TRUE
value.All.Animals.Indirect.emissions..CO2eq...Manure.applied.,0.705881375,TRUE
value.All.Animals.Emissions..N2O...Manure.applied.,0.705881375,TRUE
value.All.Animals.Emissions..CO2eq...Manure.applied.,0.705881375,TRUE
value.Wheat.Residues..Crop.residues.,0.706117362,TRUE
value.Wheat.Direct.emissions..CO2eq...Crop.residues.,0.706117362,TRUE
value.Wheat.Indirect.emissions..CO2eq...Crop.residues.,0.706117362,TRUE
value.Wheat.Emissions..CO2eq...Crop.residues.,0.706117362,TRUE
value.Wheat.Direct.emissions..N2O...Crop.residues.,0.706211843,TRUE
value.Cattle.Manure..N.content...Manure.management.,0.706275788,TRUE
value.Cattle.Direct.emissions..N2O...Manure.applied.,0.706281103,TRUE
value.Cattle.Indirect.emissions..N2O...Manure.applied.,0.706574175,TRUE
value.Cattle.Manure..N.content...Manure.applied.,0.706713307,TRUE
value.Cattle.Direct.emissions..CO2eq...Manure.applied.,0.706713307,TRUE
value.Cattle.Indirect.emissions..CO2eq...Manure.applied.,0.706713307,TRUE
value.Cattle.Emissions..CO2eq...Manure.applied.,0.706713307,TRUE
value.Cattle.Emissions..N2O...Manure.applied.,0.706778606,TRUE
value.Wheat.Emissions..N2O...Crop.residues.,0.706900574,TRUE
value.Wheat.Indirect.emissions..N2O...Crop.residues.,0.708324811,TRUE
value.All.Animals.Manure..N.content...Manure.management.,0.708626146,TRUE
value.Chickens..broilers.Direct.emissions..N2O...Manure.applied.,0.711665947,TRUE
value.Chickens..broilers.Manure..N.content...Manure.applied.,0.71178964,TRUE
value.Chickens..broilers.Direct.emissions..CO2eq...Manure.applied.,0.71178964,TRUE
value.Chickens..broilers.Indirect.emissions..CO2eq...Manure.applied.,0.71178964,TRUE
value.Chickens..broilers.Emissions..CO2eq...Manure.applied.,0.71178964,TRUE
value.Chickens..broilers.Emissions..N2O...Manure.applied.,0.711837161,TRUE
value.Chickens..broilers.Indirect.emissions..N2O...Manure.applied.,0.71197838,TRUE
value.Chickens..broilers.Manure..N.content...Manure.management.,0.712123217,TRUE
value.Chickens..broilers.Direct.emissions..N2O...Manure.management.,0.712451175,TRUE
value.Chickens..broilers.Emissions..N2O...Manure.management.,0.712856047,TRUE
value.Chickens..broilers.Direct.emissions..CO2eq...Manure.management.,0.71300317,TRUE
value.Chickens..broilers.Emissions..CO2eq..from.N2O..Manure.management.,0.713362627,TRUE
value.Chickens..layers.Stocks,0.721144687,TRUE
value.Poultry.Birds.Emissions..CH4...Manure.management.,0.728751733,TRUE
value.Poultry.Birds.Emissions..CO2eq..from.CH4..Manure.management.,0.728751733,TRUE
value.Chickens.Emissions..CH4...Manure.management.,0.730963117,TRUE
value.Chickens.Emissions..CO2eq..from.CH4..Manure.management.,0.730963117,TRUE
value.Chickens..layers.Emissions..CH4...Manure.management.,0.733637436,TRUE
value.Chickens..layers.Emissions..CO2eq..from.CH4..Manure.management.,0.733653827,TRUE
value.Chickens..layers.Emissions..CO2eq...Manure.management.,0.752833069,TRUE
value.Chickens.Emissions..CO2eq...Manure.management.,0.753112905,TRUE
value.Poultry.Birds.Emissions..CO2eq...Manure.management.,0.755101425,TRUE
value.Chickens.Indirect.emissions..N2O...Manure.applied.,0.758705599,TRUE
value.Chickens.Manure..N.content...Manure.management.,0.758940434,TRUE
value.Chickens.Manure..N.content...Manure.applied.,0.759343027,TRUE
value.Chickens.Direct.emissions..CO2eq...Manure.applied.,0.759343027,TRUE
value.Chickens.Indirect.emissions..CO2eq...Manure.applied.,0.759343027,TRUE
value.Chickens.Emissions..CO2eq...Manure.applied.,0.759343027,TRUE
value.Chickens.Direct.emissions..N2O...Manure.applied.,0.759370826,TRUE
value.Chickens.Emissions..N2O...Manure.applied.,0.759601,TRUE
value.Chickens.Emissions..N2O...Manure.management.,0.760610719,TRUE
value.Chickens.Emissions..CO2eq..from.N2O..Manure.management.,0.760685961,TRUE
value.Chickens.Direct.emissions..CO2eq...Manure.management.,0.760825431,TRUE
value.Chickens..layers.Direct.emissions..N2O...Manure.applied.,0.760850107,TRUE
value.Chickens.Direct.emissions..N2O...Manure.management.,0.761110376,TRUE
value.Chickens..layers.Emissions..N2O...Manure.applied.,0.761329414,TRUE
value.Chickens..layers.Manure..N.content...Manure.applied.,0.761363727,TRUE
value.Chickens..layers.Direct.emissions..CO2eq...Manure.applied.,0.761363727,TRUE
value.Chickens..layers.Indirect.emissions..CO2eq...Manure.applied.,0.761363727,TRUE
value.Chickens..layers.Emissions..CO2eq...Manure.applied.,0.761363727,TRUE
value.Chickens..layers.Manure..N.content...Manure.management.,0.761648418,TRUE
value.Chickens..layers.Direct.emissions..CO2eq...Manure.management.,0.761756255,TRUE
value.Poultry.Birds.Indirect.emissions..N2O...Manure.applied.,0.761942181,TRUE
value.Chickens..layers.Indirect.emissions..N2O...Manure.applied.,0.762087023,TRUE
value.Chickens..layers.Emissions..CO2eq..from.N2O..Manure.management.,0.76210421,TRUE
value.Poultry.Birds.Manure..N.content...Manure.management.,0.762202873,TRUE
value.Chickens..layers.Direct.emissions..N2O...Manure.management.,0.762534997,TRUE
value.Poultry.Birds.Manure..N.content...Manure.applied.,0.76253645,TRUE
value.Poultry.Birds.Direct.emissions..CO2eq...Manure.applied.,0.76253645,TRUE
value.Poultry.Birds.Indirect.emissions..CO2eq...Manure.applied.,0.76253645,TRUE
value.Poultry.Birds.Emissions..CO2eq...Manure.applied.,0.76253645,TRUE
value.Poultry.Birds.Emissions..N2O...Manure.management.,0.762665695,TRUE
value.Poultry.Birds.Emissions..N2O...Manure.applied.,0.762692149,TRUE
value.Poultry.Birds.Direct.emissions..N2O...Manure.applied.,0.762789959,TRUE
value.Chickens..layers.Emissions..N2O...Manure.management.,0.762869151,TRUE
value.Poultry.Birds.Emissions..CO2eq..from.N2O..Manure.management.,0.762904534,TRUE
value.Poultry.Birds.Direct.emissions..N2O...Manure.management.,0.76311807,TRUE
value.Poultry.Birds.Direct.emissions..CO2eq...Manure.management.,0.763413527,TRUE
value.Nutrient.nitrogen.N..total..Agricultural.Use.in.nutrients,0.791716696,TRUE
value.Nutrient.nitrogen.N..total..Nitrogen.fertilizer.content.applied.that.leaches,0.791716696,TRUE
value.Nutrient.nitrogen.N..total..Nitrogen.fertilizer.content.applied.that.volatilises,0.791716696,TRUE
value.Synthetic.Nitrogen.fertilizers.Direct.emissions..CO2eq...Synthetic.fertilizers.,0.809367744,TRUE
value.Synthetic.Nitrogen.fertilizers.Indirect.emissions..CO2eq...Synthetic.fertilizers.,0.809367744,TRUE
value.Synthetic.Nitrogen.fertilizers.Emissions..CO2eq...Synthetic.fertilizers.,0.809367744,TRUE
value.Synthetic.Nitrogen.fertilizers.Indirect.emissions..N2O...Synthetic.fertilizers.,0.809454219,TRUE
value.Synthetic.Nitrogen.fertilizers.Emissions..N2O...Synthetic.fertilizers.,0.809475881,TRUE
value.Synthetic.Nitrogen.fertilizers.Direct.emissions..N2O...Synthetic.fertilizers.,0.809609662,TRUE
value.Synthetic.Nitrogen.fertilizers.Indirect.emissions..N2O.that.volatilises...Synthetic.fertilizers.,0.809776269,TRUE
value.Synthetic.Nitrogen.fertilizers.Indirect.emissions..N2O.that.leaches...Synthetic.fertilizers.,0.809805711,TRUE
value.Nitrogenous.fertilizers.Agricultural.Use,0.811408133,TRUE
value.Nitrogenous.fertilizers.Nitrogen.fertilizer.content.applied.that.leaches,0.811408133,TRUE
value.Nitrogenous.fertilizers.Nitrogen.fertilizer.content.applied.that.volatilises,0.811408133,TRUE
value.Electricity.Emissions..CO2...Energy.,0.8458917,TRUE
value.Electricity.Emissions..CO2eq...Energy.,0.865825094,TRUE
value.Electricity.Emissions..N2O...Energy.,0.866622865,TRUE
value.Electricity.Emissions..CO2eq..from.N2O..Energy.,0.870436745,TRUE
value.Electricity.Consumption.in.Agriculture,0.870462128,TRUE
value.Electricity.Emissions..CH4...Energy.,0.870462128,TRUE
value.Electricity.Emissions..CO2eq..from.CH4..Energy.,0.870462128,TRUE
value.Total.Energy.Emissions..CO2eq..from.CH4..Energy.,0.897003861,TRUE
value.Total.Energy.Emissions..CH4...Energy.,0.897027204,TRUE
value.Total.Energy.Emissions..N2O...Energy.,0.923185438,TRUE
value.Total.Energy.Emissions..CO2eq..from.N2O..Energy.,0.923470579,TRUE
value.Gas.Diesel.oil.Emissions..CH4...Energy.,0.93798459,TRUE
value.Gas.Diesel.oil.Emissions..CO2eq..from.N2O..Energy.,0.93798459,TRUE
value.Gas.Diesel.oil.Emissions..CO2eq...Energy.,0.938022687,TRUE
value.Gas.Diesel.oil.Emissions..CO2eq..from.CH4..Energy.,0.938029918,TRUE
value.Gas.Diesel.oil.Consumption.in.Agriculture,0.938079648,TRUE
value.Gas.Diesel.oil.Emissions..CO2...Energy.,0.938127657,TRUE
value.Gas.Diesel.oil.Emissions..N2O...Energy.,0.938138171,TRUE
value.Total.Energy.Consumption.in.Agriculture,0.980516346,TRUE
value.Total.Energy.Emissions..CO2eq...Energy.,0.999567087,TRUE
value.Llamas.Indirect.emissions..N2O.that.leaches...Manure.on.pasture.,1,TRUE
value.Llamas.Indirect.emissions..N2O.that.volatilises...Manure.on.pasture.,1,TRUE
value.Llamas.Manure..N.content.that.leaches...Manure.on.pasture.,1,TRUE
value.Llamas.Manure..N.content.that.volatilises...Manure.on.pasture.,1,TRUE
value.Llamas.Manure..N.content...Manure.on.pasture.,1,TRUE
value.Llamas.Direct.emissions..N2O...Manure.on.pasture.,1,TRUE
value.Llamas.Direct.emissions..CO2eq...Manure.on.pasture.,1,TRUE
value.Llamas.Indirect.emissions..N2O...Manure.on.pasture.,1,TRUE
value.Llamas.Indirect.emissions..CO2eq...Manure.on.pasture.,1,TRUE
value.Llamas.Emissions..N2O...Manure.on.pasture.,1,TRUE
value.Llamas.Emissions..CO2eq...Manure.on.pasture.,1,TRUE
value.Llamas.Emissions..CH4...Enteric.,1,TRUE
value.Llamas.Emissions..CO2eq...Enteric.,1,TRUE
value.Llamas.Manure..N.content...Manure.applied.,1,TRUE
value.Llamas.Direct.emissions..N2O...Manure.applied.,1,TRUE
value.Llamas.Direct.emissions..CO2eq...Manure.applied.,1,TRUE
value.Llamas.Indirect.emissions..N2O...Manure.applied.,1,TRUE
value.Llamas.Indirect.emissions..CO2eq...Manure.applied.,1,TRUE
value.Llamas.Emissions..N2O...Manure.applied.,1,TRUE
value.Llamas.Emissions..CO2eq...Manure.applied.,1,TRUE
value.Llamas.Stocks,1,TRUE
value.Llamas.Manure..N.content...Manure.management.,1,TRUE
value.Llamas.Emissions..CH4...Manure.management.,1,TRUE
value.Llamas.Emissions..CO2eq..from.CH4..Manure.management.,1,TRUE
value.Llamas.Direct.emissions..N2O...Manure.management.,1,TRUE
value.Llamas.Emissions..N2O...Manure.management.,1,TRUE
value.Llamas.Direct.emissions..CO2eq...Manure.management.,1,TRUE
value.Llamas.Emissions..CO2eq..from.N2O..Manure.management.,1,TRUE
value.Llamas.Emissions..CO2eq...Manure.management.,1,TRUE
value.Total.Energy.Emissions..CO2...Energy.,1,TRUE
value.Asses.Implied.emission.factor.for.N2O..Manure.on.pasture.,NA,TRUE
value.Camels.Implied.emission.factor.for.N2O..Manure.on.pasture.,NA,TRUE
value.Cattle..dairy.Implied.emission.factor.for.N2O..Manure.on.pasture.,NA,TRUE
value.Chickens..broilers.Implied.emission.factor.for.N2O..Manure.on.pasture.,NA,TRUE
value.Chickens..layers.Implied.emission.factor.for.N2O..Manure.on.pasture.,NA,TRUE
value.Goats.Implied.emission.factor.for.N2O..Manure.on.pasture.,NA,TRUE
value.Horses.Implied.emission.factor.for.N2O..Manure.on.pasture.,NA,TRUE
value.Mules.Implied.emission.factor.for.N2O..Manure.on.pasture.,NA,TRUE
value.Sheep.Implied.emission.factor.for.N2O..Manure.on.pasture.,NA,TRUE
value.Swine..breeding.Indirect.emissions..N2O.that.leaches...Manure.on.pasture.,NA,TRUE
value.Swine..breeding.Indirect.emissions..N2O.that.volatilises...Manure.on.pasture.,NA,TRUE
value.Swine..breeding.Manure..N.content.that.leaches...Manure.on.pasture.,NA,TRUE
value.Swine..breeding.Manure..N.content.that.volatilises...Manure.on.pasture.,NA,TRUE
value.Swine..breeding.Manure..N.content...Manure.on.pasture.,NA,TRUE
value.Swine..breeding.Direct.emissions..N2O...Manure.on.pasture.,NA,TRUE
value.Swine..breeding.Emissions..N2O...Manure.on.pasture.,NA,TRUE
value.Swine..breeding.Direct.emissions..CO2eq...Manure.on.pasture.,NA,TRUE
value.Swine..breeding.Indirect.emissions..N2O...Manure.on.pasture.,NA,TRUE
value.Swine..breeding.Indirect.emissions..CO2eq...Manure.on.pasture.,NA,TRUE
value.Swine..breeding.Emissions..CO2eq...Manure.on.pasture.,NA,TRUE
value.Swine..market.Indirect.emissions..N2O.that.leaches...Manure.on.pasture.,NA,TRUE
value.Swine..market.Indirect.emissions..N2O.that.volatilises...Manure.on.pasture.,NA,TRUE
value.Swine..market.Manure..N.content.that.leaches...Manure.on.pasture.,NA,TRUE
value.Swine..market.Manure..N.content.that.volatilises...Manure.on.pasture.,NA,TRUE
value.Swine..market.Manure..N.content...Manure.on.pasture.,NA,TRUE
value.Swine..market.Direct.emissions..N2O...Manure.on.pasture.,NA,TRUE
value.Swine..market.Direct.emissions..CO2eq...Manure.on.pasture.,NA,TRUE
value.Swine..market.Indirect.emissions..N2O...Manure.on.pasture.,NA,TRUE
value.Swine..market.Indirect.emissions..CO2eq...Manure.on.pasture.,NA,TRUE
value.Swine..market.Emissions..N2O...Manure.on.pasture.,NA,TRUE
value.Swine..market.Emissions..CO2eq...Manure.on.pasture.,NA,TRUE
value.Swine.Indirect.emissions..N2O.that.leaches...Manure.on.pasture.,NA,TRUE
value.Swine.Manure..N.content.that.leaches...Manure.on.pasture.,NA,TRUE
value.Swine.Indirect.emissions..N2O.that.volatilises...Manure.on.pasture.,NA,TRUE
value.Swine.Manure..N.content.that.volatilises...Manure.on.pasture.,NA,TRUE
value.Swine.Manure..N.content...Manure.on.pasture.,NA,TRUE
value.Swine.Direct.emissions..N2O...Manure.on.pasture.,NA,TRUE
value.Swine.Direct.emissions..CO2eq...Manure.on.pasture.,NA,TRUE
value.Swine.Indirect.emissions..N2O...Manure.on.pasture.,NA,TRUE
value.Swine.Indirect.emissions..CO2eq...Manure.on.pasture.,NA,TRUE
value.Swine.Emissions..N2O...Manure.on.pasture.,NA,TRUE
value.Swine.Emissions..CO2eq...Manure.on.pasture.,NA,TRUE
value.Llamas.Implied.emission.factor.for.N2O..Manure.on.pasture.,NA,TRUE
value.Asses.Implied.emission.factor.for.CH4..Enteric.,NA,TRUE
value.Camels.Implied.emission.factor.for.CH4..Enteric.,NA,TRUE
value.Goats.Implied.emission.factor.for.CH4..Enteric.,NA,TRUE
value.Horses.Implied.emission.factor.for.CH4..Enteric.,NA,TRUE
value.Mules.Implied.emission.factor.for.CH4..Enteric.,NA,TRUE
value.Buffaloes.Implied.emission.factor.for.CH4..Enteric.,NA,TRUE
value.Llamas.Implied.emission.factor.for.CH4..Enteric.,NA,TRUE
value.Camels.Implied.emission.factor.for.N2O..Manure.applied.,NA,TRUE
value.Cattle..dairy.Implied.emission.factor.for.N2O..Manure.applied.,NA,TRUE
value.Cattle..non.dairy.Implied.emission.factor.for.N2O..Manure.applied.,NA,TRUE
value.Chickens..broilers.Implied.emission.factor.for.N2O..Manure.applied.,NA,TRUE
value.Chickens..layers.Implied.emission.factor.for.N2O..Manure.applied.,NA,TRUE
value.Goats.Implied.emission.factor.for.N2O..Manure.applied.,NA,TRUE
value.Horses.Implied.emission.factor.for.N2O..Manure.applied.,NA,TRUE
value.Mules.Implied.emission.factor.for.N2O..Manure.applied.,NA,TRUE
value.Sheep.Implied.emission.factor.for.N2O..Manure.applied.,NA,TRUE
value.Buffaloes.Implied.emission.factor.for.N2O..Manure.applied.,NA,TRUE
value.Ducks.Implied.emission.factor.for.N2O..Manure.applied.,NA,TRUE
value.Swine..breeding.Implied.emission.factor.for.N2O..Manure.applied.,NA,TRUE
value.Swine..market.Implied.emission.factor.for.N2O..Manure.applied.,NA,TRUE
value.Turkeys.Implied.emission.factor.for.N2O..Manure.applied.,NA,TRUE
value.Llamas.Implied.emission.factor.for.N2O..Manure.applied.,NA,TRUE
value.Asses.Indirect.emissions..N2O...Manure.management.,NA,TRUE
value.Asses.Indirect.emissions..CO2eq...Manure.management.,NA,TRUE
value.Camels.Indirect.emissions..N2O...Manure.management.,NA,TRUE
value.Camels.Indirect.emissions..CO2eq...Manure.management.,NA,TRUE
value.Goats.Indirect.emissions..N2O...Manure.management.,NA,TRUE
value.Goats.Indirect.emissions..CO2eq...Manure.management.,NA,TRUE
value.Horses.Indirect.emissions..N2O...Manure.management.,NA,TRUE
value.Horses.Indirect.emissions..CO2eq...Manure.management.,NA,TRUE
value.Mules.Indirect.emissions..N2O...Manure.management.,NA,TRUE
value.Mules.Indirect.emissions..CO2eq...Manure.management.,NA,TRUE
value.Camels.and.Llamas.Indirect.emissions..N2O...Manure.management.,NA,TRUE
value.Camels.and.Llamas.Indirect.emissions..CO2eq...Manure.management.,NA,TRUE
value.Mules.and.Asses.Indirect.emissions..N2O...Manure.management.,NA,TRUE
value.Mules.and.Asses.Indirect.emissions..CO2eq...Manure.management.,NA,TRUE
value.Llamas.Implied.emission.factor.for.CH4..Manure.management.,NA,TRUE
value.Llamas.Implied.emission.factor.for.N2O..Manure.management.,NA,TRUE
value.Llamas.Indirect.emissions..N2O...Manure.management.,NA,TRUE
value.Llamas.Indirect.emissions..CO2eq...Manure.management.,NA,TRUE
value.Gas.Diesel.oil.Implied.emission.factor.for.CH4,NA,TRUE
value.Gas.Diesel.oil.Implied.emission.factor.for.N2O,NA,TRUE
value.Gas.Diesel.oil.Implied.emission.factor.for.CO2,NA,TRUE
value.Motor.Gasoline.Implied.emission.factor.for.CH4,NA,TRUE
value.Motor.Gasoline.Implied.emission.factor.for.N2O,NA,TRUE
value.Motor.Gasoline.Implied.emission.factor.for.CO2,NA,TRUE
value.Natural.gas..including.LNG..Implied.emission.factor.for.CH4,NA,TRUE
value.Natural.gas..including.LNG..Implied.emission.factor.for.N2O,NA,TRUE
value.Natural.gas..including.LNG..Implied.emission.factor.for.CO2,NA,TRUE
value.Liquefied.petroleum.gas..LPG..Implied.emission.factor.for.CH4,NA,TRUE
value.Liquefied.petroleum.gas..LPG..Implied.emission.factor.for.N2O,NA,TRUE
value.Liquefied.petroleum.gas..LPG..Implied.emission.factor.for.CO2,NA,TRUE
value.Fuel.oil.Implied.emission.factor.for.CH4,NA,TRUE
value.Fuel.oil.Implied.emission.factor.for.N2O,NA,TRUE
value.Fuel.oil.Implied.emission.factor.for.CO2,NA,TRUE
value.Coal.Implied.emission.factor.for.CH4,NA,TRUE
value.Coal.Implied.emission.factor.for.N2O,NA,TRUE
value.Coal.Implied.emission.factor.for.CO2,NA,TRUE
value.Gas.diesel.oils.used.in.fisheries.Implied.emission.factor.for.CH4,NA,TRUE
value.Gas.diesel.oils.used.in.fisheries.Implied.emission.factor.for.N2O,NA,TRUE
value.Gas.diesel.oils.used.in.fisheries.Implied.emission.factor.for.CO2,NA,TRUE
value.Fuel.oil.used.in.fisheries.Implied.emission.factor.for.CH4,NA,TRUE
value.Fuel.oil.used.in.fisheries.Implied.emission.factor.for.N2O,NA,TRUE
value.Fuel.oil.used.in.fisheries.Implied.emission.factor.for.CO2,NA,TRUE
value.Energy.for.power.irrigation.Implied.emission.factor.for.CH4,NA,TRUE
value.Energy.for.power.irrigation.Implied.emission.factor.for.N2O,NA,TRUE
value.Barley.Implied.emission.factor.for.N2O..Crop.residues.,NA,TRUE
value.Maize.Implied.emission.factor.for.N2O..Crop.residues.,NA,TRUE
value.Potatoes.Implied.emission.factor.for.N2O..Crop.residues.,NA,TRUE
value.Rice..paddy.Implied.emission.factor.for.N2O..Crop.residues.,NA,TRUE
value.Wheat.Implied.emission.factor.for.N2O..Crop.residues.,NA,TRUE
value.Beans..dry.Implied.emission.factor.for.N2O..Crop.residues.,NA,TRUE
value.Oats.Implied.emission.factor.for.N2O..Crop.residues.,NA,TRUE
value.Rye.Implied.emission.factor.for.N2O..Crop.residues.,NA,TRUE
value.Sorghum.Implied.emission.factor.for.N2O..Crop.residues.,NA,TRUE
value.Maize.Implied.emission.factor.for.N2O..Burning.crop.residues.,NA,TRUE
value.Maize.Implied.emission.factor.for.CH4..Burning.crop.residues.,NA,TRUE
value.Rice..paddy.Implied.emission.factor.for.N2O..Burning.crop.residues.,NA,TRUE
value.Rice..paddy.Implied.emission.factor.for.CH4..Burning.crop.residues.,NA,TRUE
value.Sugar.cane.Implied.emission.factor.for.N2O..Burning.crop.residues.,NA,TRUE
value.Sugar.cane.Implied.emission.factor.for.CH4..Burning.crop.residues.,NA,TRUE
value.Wheat.Implied.emission.factor.for.N2O..Burning.crop.residues.,NA,TRUE
value.Wheat.Implied.emission.factor.for.CH4..Burning.crop.residues.,NA,TRUE
